prefix,opcode_hex,status,mnemonic,bytes,t_states,flags
NONE,00,VALID,"NOP",1,4,------
NONE,01,VALID,"LD BC,nn",3,10,------
NONE,02,VALID,"LD (BC),A",1,7,------
NONE,03,VALID,"INC BC",1,6,------
NONE,04,VALID,"INC B",1,4,***-0-
NONE,05,VALID,"DEC B",1,4,***-1-
NONE,06,VALID,"LD B,n",2,7,------
NONE,07,VALID,"RLCA",1,4,--0-0*
NONE,08,VALID,"EX AF,AF'",1,4,------
NONE,09,VALID,"ADD HL,BC",1,11,--*-0*
NONE,0A,VALID,"LD A,(BC)",1,7,------
NONE,0B,VALID,"DEC BC",1,6,------
NONE,0C,VALID,"INC C",1,4,***-0-
NONE,0D,VALID,"DEC C",1,4,***-1-
NONE,0E,VALID,"LD C,n",2,7,------
NONE,0F,VALID,"RRCA",1,4,--0-0*
NONE,10,VALID,"DJNZ e",2,13,------
NONE,11,VALID,"LD DE,nn",3,10,------
NONE,12,VALID,"LD (DE),A",1,7,------
NONE,13,VALID,"INC DE",1,6,------
NONE,14,VALID,"INC D",1,4,***-0-
NONE,15,VALID,"DEC D",1,4,***-1-
NONE,16,VALID,"LD D,n",2,7,------
NONE,17,VALID,"RLA",1,4,--0-0*
NONE,18,VALID,"JR e",2,12,------
NONE,19,VALID,"ADD HL,DE",1,11,--*-0*
NONE,1A,VALID,"LD A,(DE)",1,7,------
NONE,1B,VALID,"DEC DE",1,6,------
NONE,1C,VALID,"INC E",1,4,***-0-
NONE,1D,VALID,"DEC E",1,4,***-1-
NONE,1E,VALID,"LD E,n",2,7,------
NONE,1F,VALID,"RRA",1,4,--0-0*
NONE,20,VALID,"JR NZ,e",2,12,------
NONE,21,VALID,"LD HL,nn",3,10,------
NONE,22,VALID,"LD (nn),HL",3,16,------
NONE,23,VALID,"INC HL",1,6,------
NONE,24,VALID,"INC H",1,4,***-0-
NONE,25,VALID,"DEC H",1,4,***-1-
NONE,26,VALID,"LD H,n",2,7,------
NONE,27,VALID,"DAA",1,4,**-*-*
NONE,28,VALID,"JR Z,e",2,12,------
NONE,29,VALID,"ADD HL,HL",1,11,--*-0*
NONE,2A,VALID,"LD HL,(nn)",3,16,------
NONE,2B,VALID,"DEC HL",1,6,------
NONE,2C,VALID,"INC L",1,4,***-0-
NONE,2D,VALID,"DEC L",1,4,***-1-
NONE,2E,VALID,"LD L,n",2,7,------
NONE,2F,VALID,"CPL",1,4,--11--
NONE,30,VALID,"JR NC,e",2,12,------
NONE,31,VALID,"LD SP,nn",3,10,------
NONE,32,VALID,"LD (nn),A",3,13,------
NONE,33,VALID,"INC SP",1,6,------
NONE,34,VALID,"INC (HL)",1,11,***-0-
NONE,35,VALID,"DEC (HL)",1,11,***-1-
NONE,36,VALID,"LD (HL),n",2,10,------
NONE,37,VALID,"SCF",1,4,--0-01
NONE,38,VALID,"JR C,e",2,12,------
NONE,39,VALID,"ADD HL,SP",1,11,--*-0*
NONE,3A,VALID,"LD A,(nn)",3,13,------
NONE,3B,VALID,"DEC SP",1,6,------
NONE,3C,VALID,"INC A",1,4,***-0-
NONE,3D,VALID,"DEC A",1,4,***-1-
NONE,3E,VALID,"LD A,n",2,7,------
NONE,3F,VALID,"CCF",1,4,--*-0*
NONE,40,VALID,"LD B,B",1,4,------
NONE,41,VALID,"LD B,C",1,4,------
NONE,42,VALID,"LD B,D",1,4,------
NONE,43,VALID,"LD B,E",1,4,------
NONE,44,VALID,"LD B,H",1,4,------
NONE,45,VALID,"LD B,L",1,4,------
NONE,46,VALID,"LD B,(HL)",1,7,------
NONE,47,VALID,"LD B,A",1,4,------
NONE,48,VALID,"LD C,B",1,4,------
NONE,49,VALID,"LD C,C",1,4,------
NONE,4A,VALID,"LD C,D",1,4,------
NONE,4B,VALID,"LD C,E",1,4,------
NONE,4C,VALID,"LD C,H",1,4,------
NONE,4D,VALID,"LD C,L",1,4,------
NONE,4E,VALID,"LD C,(HL)",1,7,------
NONE,4F,VALID,"LD C,A",1,4,------
NONE,50,VALID,"LD D,B",1,4,------
NONE,51,VALID,"LD D,C",1,4,------
NONE,52,VALID,"LD D,D",1,4,------
NONE,53,VALID,"LD D,E",1,4,------
NONE,54,VALID,"LD D,H",1,4,------
NONE,55,VALID,"LD D,L",1,4,------
NONE,56,VALID,"LD D,(HL)",1,7,------
NONE,57,VALID,"LD D,A",1,4,------
NONE,58,VALID,"LD E,B",1,4,------
NONE,59,VALID,"LD E,C",1,4,------
NONE,5A,VALID,"LD E,D",1,4,------
NONE,5B,VALID,"LD E,E",1,4,------
NONE,5C,VALID,"LD E,H",1,4,------
NONE,5D,VALID,"LD E,L",1,4,------
NONE,5E,VALID,"LD E,(HL)",1,7,------
NONE,5F,VALID,"LD E,A",1,4,------
NONE,60,VALID,"LD H,B",1,4,------
NONE,61,VALID,"LD H,C",1,4,------
NONE,62,VALID,"LD H,D",1,4,------
NONE,63,VALID,"LD H,E",1,4,------
NONE,64,VALID,"LD H,H",1,4,------
NONE,65,VALID,"LD H,L",1,4,------
NONE,66,VALID,"LD H,(HL)",1,7,------
NONE,67,VALID,"LD H,A",1,4,------
NONE,68,VALID,"LD L,B",1,4,------
NONE,69,VALID,"LD L,C",1,4,------
NONE,6A,VALID,"LD L,D",1,4,------
NONE,6B,VALID,"LD L,E",1,4,------
NONE,6C,VALID,"LD L,H",1,4,------
NONE,6D,VALID,"LD L,L",1,4,------
NONE,6E,VALID,"LD L,(HL)",1,7,------
NONE,6F,VALID,"LD L,A",1,4,------
NONE,70,VALID,"LD (HL),B",1,7,------
NONE,71,VALID,"LD (HL),C",1,7,------
NONE,72,VALID,"LD (HL),D",1,7,------
NONE,73,VALID,"LD (HL),E",1,7,------
NONE,74,VALID,"LD (HL),H",1,7,------
NONE,75,VALID,"LD (HL),L",1,7,------
NONE,76,VALID,"HALT",1,4,------
NONE,77,VALID,"LD (HL),A",1,7,------
NONE,78,VALID,"LD A,B",1,4,------
NONE,79,VALID,"LD A,C",1,4,------
NONE,7A,VALID,"LD A,D",1,4,------
NONE,7B,VALID,"LD A,E",1,4,------
NONE,7C,VALID,"LD A,H",1,4,------
NONE,7D,VALID,"LD A,L",1,4,------
NONE,7E,VALID,"LD A,(HL)",1,7,------
NONE,7F,VALID,"LD A,A",1,4,------
NONE,80,VALID,"ADD A,B",1,4,***-0*
NONE,81,VALID,"ADD A,C",1,4,***-0*
NONE,82,VALID,"ADD A,D",1,4,***-0*
NONE,83,VALID,"ADD A,E",1,4,***-0*
NONE,84,VALID,"ADD A,H",1,4,***-0*
NONE,85,VALID,"ADD A,L",1,4,***-0*
NONE,86,VALID,"ADD A,(HL)",1,7,***-0*
NONE,87,VALID,"ADD A,A",1,4,***-0*
NONE,88,VALID,"ADC A,B",1,4,***-0*
NONE,89,VALID,"ADC A,C",1,4,***-0*
NONE,8A,VALID,"ADC A,D",1,4,***-0*
NONE,8B,VALID,"ADC A,E",1,4,***-0*
NONE,8C,VALID,"ADC A,H",1,4,***-0*
NONE,8D,VALID,"ADC A,L",1,4,***-0*
NONE,8E,VALID,"ADC A,(HL)",1,7,***-0*
NONE,8F,VALID,"ADC A,A",1,4,***-0*
NONE,90,VALID,"SUB B",1,4,***-1*
NONE,91,VALID,"SUB C",1,4,***-1*
NONE,92,VALID,"SUB D",1,4,***-1*
NONE,93,VALID,"SUB E",1,4,***-1*
NONE,94,VALID,"SUB H",1,4,***-1*
NONE,95,VALID,"SUB L",1,4,***-1*
NONE,96,VALID,"SUB (HL)",1,7,***-1*
NONE,97,VALID,"SUB A",1,4,***-1*
NONE,98,VALID,"SBC A,B",1,4,***-1*
NONE,99,VALID,"SBC A,C",1,4,***-1*
NONE,9A,VALID,"SBC A,D",1,4,***-1*
NONE,9B,VALID,"SBC A,E",1,4,***-1*
NONE,9C,VALID,"SBC A,H",1,4,***-1*
NONE,9D,VALID,"SBC A,L",1,4,***-1*
NONE,9E,VALID,"SBC A,(HL)",1,7,***-1*
NONE,9F,VALID,"SBC A,A",1,4,***-1*
NONE,A0,VALID,"AND B",1,4,**1-00
NONE,A1,VALID,"AND C",1,4,**1-00
NONE,A2,VALID,"AND D",1,4,**1-00
NONE,A3,VALID,"AND E",1,4,**1-00
NONE,A4,VALID,"AND H",1,4,**1-00
NONE,A5,VALID,"AND L",1,4,**1-00
NONE,A6,VALID,"AND (HL)",1,7,**1-00
NONE,A7,VALID,"AND A",1,4,**1-00
NONE,A8,VALID,"XOR B",1,4,**0-00
NONE,A9,VALID,"XOR C",1,4,**0-00
NONE,AA,VALID,"XOR D",1,4,**0-00
NONE,AB,VALID,"XOR E",1,4,**0-00
NONE,AC,VALID,"XOR H",1,4,**0-00
NONE,AD,VALID,"XOR L",1,4,**0-00
NONE,AE,VALID,"XOR (HL)",1,7,**0-00
NONE,AF,VALID,"XOR A",1,4,**0-00
NONE,B0,VALID,"OR B",1,4,**0-00
NONE,B1,VALID,"OR C",1,4,**0-00
NONE,B2,VALID,"OR D",1,4,**0-00
NONE,B3,VALID,"OR E",1,4,**0-00
NONE,B4,VALID,"OR H",1,4,**0-00
NONE,B5,VALID,"OR L",1,4,**0-00
NONE,B6,VALID,"OR (HL)",1,7,**0-00
NONE,B7,VALID,"OR A",1,4,**0-00
NONE,B8,VALID,"CP B",1,4,***-1*
NONE,B9,VALID,"CP C",1,4,***-1*
NONE,BA,VALID,"CP D",1,4,***-1*
NONE,BB,VALID,"CP E",1,4,***-1*
NONE,BC,VALID,"CP H",1,4,***-1*
NONE,BD,VALID,"CP L",1,4,***-1*
NONE,BE,VALID,"CP (HL)",1,7,***-1*
NONE,BF,VALID,"CP A",1,4,***-1*
NONE,C0,VALID,"RET NZ",1,11,------
NONE,C1,VALID,"POP BC",1,10,------
NONE,C2,VALID,"JP NZ,nn",3,10,------
NONE,C3,VALID,"JP nn",3,10,------
NONE,C4,VALID,"CALL NZ,nn",3,17,------
NONE,C5,VALID,"PUSH BC",1,11,------
NONE,C6,VALID,"ADD A,n",2,7,***-0*
NONE,C7,VALID,"RST 00H",1,11,------
NONE,C8,VALID,"RET Z",1,11,------
NONE,C9,VALID,"RET",1,10,------
NONE,CA,VALID,"JP Z,nn",3,10,------
NONE,CB,VALID,"PREFIX CB",1,4,------
NONE,CC,VALID,"CALL Z,nn",3,17,------
NONE,CD,VALID,"CALL nn",3,17,------
NONE,CE,VALID,"ADC A,n",2,7,***-0*
NONE,CF,VALID,"RST 08H",1,11,------
NONE,D0,VALID,"RET NC",1,11,------
NONE,D1,VALID,"POP DE",1,10,------
NONE,D2,VALID,"JP NC,nn",3,10,------
NONE,D3,VALID,"OUT (n),A",2,11,------
NONE,D4,VALID,"CALL NC,nn",3,17,------
NONE,D5,VALID,"PUSH DE",1,11,------
NONE,D6,VALID,"SUB n",2,7,***-1*
NONE,D7,VALID,"RST 10H",1,11,------
NONE,D8,VALID,"RET C",1,11,------
NONE,D9,VALID,"EXX",1,4,------
NONE,DA,VALID,"JP C,nn",3,10,------
NONE,DB,VALID,"IN A,(n)",2,11,------
NONE,DC,VALID,"CALL C,nn",3,17,------
NONE,DD,VALID,"PREFIX DD",1,4,------
NONE,DE,VALID,"SBC A,n",2,7,***-1*
NONE,DF,VALID,"RST 18H",1,11,------
NONE,E0,VALID,"RET PO",1,11,------
NONE,E1,VALID,"POP HL",1,10,------
NONE,E2,VALID,"JP PO,nn",3,10,------
NONE,E3,VALID,"EX (SP),HL",1,19,------
NONE,E4,VALID,"CALL PO,nn",3,17,------
NONE,E5,VALID,"PUSH HL",1,11,------
NONE,E6,VALID,"AND n",2,7,**1-00
NONE,E7,VALID,"RST 20H",1,11,------
NONE,E8,VALID,"RET PE",1,11,------
NONE,E9,VALID,"JP (HL)",1,4,------
NONE,EA,VALID,"JP PE,nn",3,10,------
NONE,EB,VALID,"EX DE,HL",1,4,------
NONE,EC,VALID,"CALL PE,nn",3,17,------
NONE,ED,VALID,"PREFIX ED",1,4,------
NONE,EE,VALID,"XOR n",2,7,**0-00
NONE,EF,VALID,"RST 28H",1,11,------
NONE,F0,VALID,"RET P",1,11,------
NONE,F1,VALID,"POP AF",1,10,------
NONE,F2,VALID,"JP P,nn",3,10,------
NONE,F3,VALID,"DI",1,4,------
NONE,F4,VALID,"CALL P,nn",3,17,------
NONE,F5,VALID,"PUSH AF",1,11,------
NONE,F6,VALID,"OR n",2,7,**0-00
NONE,F7,VALID,"RST 30H",1,11,------
NONE,F8,VALID,"RET M",1,11,------
NONE,F9,VALID,"LD SP,HL",1,6,------
NONE,FA,VALID,"JP M,nn",3,10,------
NONE,FB,VALID,"EI",1,4,------
NONE,FC,VALID,"CALL M,nn",3,17,------
NONE,FD,VALID,"PREFIX FD",1,4,------
NONE,FE,VALID,"CP n",2,7,***-1*
NONE,FF,VALID,"RST 38H",1,11,------
CB,00,VALID,"RLC B",2,8,**0-0*
CB,01,VALID,"RLC C",2,8,**0-0*
CB,02,VALID,"RLC D",2,8,**0-0*
CB,03,VALID,"RLC E",2,8,**0-0*
CB,04,VALID,"RLC H",2,8,**0-0*
CB,05,VALID,"RLC L",2,8,**0-0*
CB,06,VALID,"RLC (HL)",2,15,**0-0*
CB,07,VALID,"RLC A",2,8,**0-0*
CB,08,VALID,"RRC B",2,8,**0-0*
CB,09,VALID,"RRC C",2,8,**0-0*
CB,0A,VALID,"RRC D",2,8,**0-0*
CB,0B,VALID,"RRC E",2,8,**0-0*
CB,0C,VALID,"RRC H",2,8,**0-0*
CB,0D,VALID,"RRC L",2,8,**0-0*
CB,0E,VALID,"RRC (HL)",2,15,**0-0*
CB,0F,VALID,"RRC A",2,8,**0-0*
CB,10,VALID,"RL B",2,8,**0-0*
CB,11,VALID,"RL C",2,8,**0-0*
CB,12,VALID,"RL D",2,8,**0-0*
CB,13,VALID,"RL E",2,8,**0-0*
CB,14,VALID,"RL H",2,8,**0-0*
CB,15,VALID,"RL L",2,8,**0-0*
CB,16,VALID,"RL (HL)",2,15,**0-0*
CB,17,VALID,"RL A",2,8,**0-0*
CB,18,VALID,"RR B",2,8,**0-0*
CB,19,VALID,"RR C",2,8,**0-0*
CB,1A,VALID,"RR D",2,8,**0-0*
CB,1B,VALID,"RR E",2,8,**0-0*
CB,1C,VALID,"RR H",2,8,**0-0*
CB,1D,VALID,"RR L",2,8,**0-0*
CB,1E,VALID,"RR (HL)",2,15,**0-0*
CB,1F,VALID,"RR A",2,8,**0-0*
CB,20,VALID,"SLA B",2,8,**0-0*
CB,21,VALID,"SLA C",2,8,**0-0*
CB,22,VALID,"SLA D",2,8,**0-0*
CB,23,VALID,"SLA E",2,8,**0-0*
CB,24,VALID,"SLA H",2,8,**0-0*
CB,25,VALID,"SLA L",2,8,**0-0*
CB,26,VALID,"SLA (HL)",2,15,**0-0*
CB,27,VALID,"SLA A",2,8,**0-0*
CB,28,VALID,"SRA B",2,8,**0-0*
CB,29,VALID,"SRA C",2,8,**0-0*
CB,2A,VALID,"SRA D",2,8,**0-0*
CB,2B,VALID,"SRA E",2,8,**0-0*
CB,2C,VALID,"SRA H",2,8,**0-0*
CB,2D,VALID,"SRA L",2,8,**0-0*
CB,2E,VALID,"SRA (HL)",2,15,**0-0*
CB,2F,VALID,"SRA A",2,8,**0-0*
CB,30,VALID,"SLL,B",2,8,**0-0*
CB,31,VALID,"SLL,C",2,8,**0-0*
CB,32,VALID,"SLL,D",2,8,**0-0*
CB,33,VALID,"SLL,E",2,8,**0-0*
CB,34,VALID,"SLL,H",2,8,**0-0*
CB,35,VALID,"SLL,L",2,8,**0-0*
CB,36,VALID,"SLL,(HL)",2,15,**0-0*
CB,37,VALID,"SLL,A",2,8,**0-0*
CB,38,VALID,"SRL B",2,8,**0-0*
CB,39,VALID,"SRL C",2,8,**0-0*
CB,3A,VALID,"SRL D",2,8,**0-0*
CB,3B,VALID,"SRL E",2,8,**0-0*
CB,3C,VALID,"SRL H",2,8,**0-0*
CB,3D,VALID,"SRL L",2,8,**0-0*
CB,3E,VALID,"SRL (HL)",2,15,**0-0*
CB,3F,VALID,"SRL A",2,8,**0-0*
CB,40,VALID,"BIT 0,B",2,8,**1-0-
CB,41,VALID,"BIT 0,C",2,8,**1-0-
CB,42,VALID,"BIT 0,D",2,8,**1-0-
CB,43,VALID,"BIT 0,E",2,8,**1-0-
CB,44,VALID,"BIT 0,H",2,8,**1-0-
CB,45,VALID,"BIT 0,L",2,8,**1-0-
CB,46,VALID,"BIT 0,(HL)",2,12,**1-0-
CB,47,VALID,"BIT 0,A",2,8,**1-0-
CB,48,VALID,"BIT 1,B",2,8,**1-0-
CB,49,VALID,"BIT 1,C",2,8,**1-0-
CB,4A,VALID,"BIT 1,D",2,8,**1-0-
CB,4B,VALID,"BIT 1,E",2,8,**1-0-
CB,4C,VALID,"BIT 1,H",2,8,**1-0-
CB,4D,VALID,"BIT 1,L",2,8,**1-0-
CB,4E,VALID,"BIT 1,(HL)",2,12,**1-0-
CB,4F,VALID,"BIT 1,A",2,8,**1-0-
CB,50,VALID,"BIT 2,B",2,8,**1-0-
CB,51,VALID,"BIT 2,C",2,8,**1-0-
CB,52,VALID,"BIT 2,D",2,8,**1-0-
CB,53,VALID,"BIT 2,E",2,8,**1-0-
CB,54,VALID,"BIT 2,H",2,8,**1-0-
CB,55,VALID,"BIT 2,L",2,8,**1-0-
CB,56,VALID,"BIT 2,(HL)",2,12,**1-0-
CB,57,VALID,"BIT 2,A",2,8,**1-0-
CB,58,VALID,"BIT 3,B",2,8,**1-0-
CB,59,VALID,"BIT 3,C",2,8,**1-0-
CB,5A,VALID,"BIT 3,D",2,8,**1-0-
CB,5B,VALID,"BIT 3,E",2,8,**1-0-
CB,5C,VALID,"BIT 3,H",2,8,**1-0-
CB,5D,VALID,"BIT 3,L",2,8,**1-0-
CB,5E,VALID,"BIT 3,(HL)",2,12,**1-0-
CB,5F,VALID,"BIT 3,A",2,8,**1-0-
CB,60,VALID,"BIT 4,B",2,8,**1-0-
CB,61,VALID,"BIT 4,C",2,8,**1-0-
CB,62,VALID,"BIT 4,D",2,8,**1-0-
CB,63,VALID,"BIT 4,E",2,8,**1-0-
CB,64,VALID,"BIT 4,H",2,8,**1-0-
CB,65,VALID,"BIT 4,L",2,8,**1-0-
CB,66,VALID,"BIT 4,(HL)",2,12,**1-0-
CB,67,VALID,"BIT 4,A",2,8,**1-0-
CB,68,VALID,"BIT 5,B",2,8,**1-0-
CB,69,VALID,"BIT 5,C",2,8,**1-0-
CB,6A,VALID,"BIT 5,D",2,8,**1-0-
CB,6B,VALID,"BIT 5,E",2,8,**1-0-
CB,6C,VALID,"BIT 5,H",2,8,**1-0-
CB,6D,VALID,"BIT 5,L",2,8,**1-0-
CB,6E,VALID,"BIT 5,(HL)",2,12,**1-0-
CB,6F,VALID,"BIT 5,A",2,8,**1-0-
CB,70,VALID,"BIT 6,B",2,8,**1-0-
CB,71,VALID,"BIT 6,C",2,8,**1-0-
CB,72,VALID,"BIT 6,D",2,8,**1-0-
CB,73,VALID,"BIT 6,E",2,8,**1-0-
CB,74,VALID,"BIT 6,H",2,8,**1-0-
CB,75,VALID,"BIT 6,L",2,8,**1-0-
CB,76,VALID,"BIT 6,(HL)",2,12,**1-0-
CB,77,VALID,"BIT 6,A",2,8,**1-0-
CB,78,VALID,"BIT 7,B",2,8,**1-0-
CB,79,VALID,"BIT 7,C",2,8,**1-0-
CB,7A,VALID,"BIT 7,D",2,8,**1-0-
CB,7B,VALID,"BIT 7,E",2,8,**1-0-
CB,7C,VALID,"BIT 7,H",2,8,**1-0-
CB,7D,VALID,"BIT 7,L",2,8,**1-0-
CB,7E,VALID,"BIT 7,(HL)",2,12,**1-0-
CB,7F,VALID,"BIT 7,A",2,8,**1-0-
CB,80,VALID,"RES 0,B",2,8,------
CB,81,VALID,"RES 0,C",2,8,------
CB,82,VALID,"RES 0,D",2,8,------
CB,83,VALID,"RES 0,E",2,8,------
CB,84,VALID,"RES 0,H",2,8,------
CB,85,VALID,"RES 0,L",2,8,------
CB,86,VALID,"RES 0,(HL)",2,15,------
CB,87,VALID,"RES 0,A",2,8,------
CB,88,VALID,"RES 1,B",2,8,------
CB,89,VALID,"RES 1,C",2,8,------
CB,8A,VALID,"RES 1,D",2,8,------
CB,8B,VALID,"RES 1,E",2,8,------
CB,8C,VALID,"RES 1,H",2,8,------
CB,8D,VALID,"RES 1,L",2,8,------
CB,8E,VALID,"RES 1,(HL)",2,15,------
CB,8F,VALID,"RES 1,A",2,8,------
CB,90,VALID,"RES 2,B",2,8,------
CB,91,VALID,"RES 2,C",2,8,------
CB,92,VALID,"RES 2,D",2,8,------
CB,93,VALID,"RES 2,E",2,8,------
CB,94,VALID,"RES 2,H",2,8,------
CB,95,VALID,"RES 2,L",2,8,------
CB,96,VALID,"RES 2,(HL)",2,15,------
CB,97,VALID,"RES 2,A",2,8,------
CB,98,VALID,"RES 3,B",2,8,------
CB,99,VALID,"RES 3,C",2,8,------
CB,9A,VALID,"RES 3,D",2,8,------
CB,9B,VALID,"RES 3,E",2,8,------
CB,9C,VALID,"RES 3,H",2,8,------
CB,9D,VALID,"RES 3,L",2,8,------
CB,9E,VALID,"RES 3,(HL)",2,15,------
CB,9F,VALID,"RES 3,A",2,8,------
CB,A0,VALID,"RES 4,B",2,8,------
CB,A1,VALID,"RES 4,C",2,8,------
CB,A2,VALID,"RES 4,D",2,8,------
CB,A3,VALID,"RES 4,E",2,8,------
CB,A4,VALID,"RES 4,H",2,8,------
CB,A5,VALID,"RES 4,L",2,8,------
CB,A6,VALID,"RES 4,(HL)",2,15,------
CB,A7,VALID,"RES 4,A",2,8,------
CB,A8,VALID,"RES 5,B",2,8,------
CB,A9,VALID,"RES 5,C",2,8,------
CB,AA,VALID,"RES 5,D",2,8,------
CB,AB,VALID,"RES 5,E",2,8,------
CB,AC,VALID,"RES 5,H",2,8,------
CB,AD,VALID,"RES 5,L",2,8,------
CB,AE,VALID,"RES 5,(HL)",2,15,------
CB,AF,VALID,"RES 5,A",2,8,------
CB,B0,VALID,"RES 6,B",2,8,------
CB,B1,VALID,"RES 6,C",2,8,------
CB,B2,VALID,"RES 6,D",2,8,------
CB,B3,VALID,"RES 6,E",2,8,------
CB,B4,VALID,"RES 6,H",2,8,------
CB,B5,VALID,"RES 6,L",2,8,------
CB,B6,VALID,"RES 6,(HL)",2,15,------
CB,B7,VALID,"RES 6,A",2,8,------
CB,B8,VALID,"RES 7,B",2,8,------
CB,B9,VALID,"RES 7,C",2,8,------
CB,BA,VALID,"RES 7,D",2,8,------
CB,BB,VALID,"RES 7,E",2,8,------
CB,BC,VALID,"RES 7,H",2,8,------
CB,BD,VALID,"RES 7,L",2,8,------
CB,BE,VALID,"RES 7,(HL)",2,15,------
CB,BF,VALID,"RES 7,A",2,8,------
CB,C0,VALID,"SET 0,B",2,8,------
CB,C1,VALID,"SET 0,C",2,8,------
CB,C2,VALID,"SET 0,D",2,8,------
CB,C3,VALID,"SET 0,E",2,8,------
CB,C4,VALID,"SET 0,H",2,8,------
CB,C5,VALID,"SET 0,L",2,8,------
CB,C6,VALID,"SET 0,(HL)",2,15,------
CB,C7,VALID,"SET 0,A",2,8,------
CB,C8,VALID,"SET 1,B",2,8,------
CB,C9,VALID,"SET 1,C",2,8,------
CB,CA,VALID,"SET 1,D",2,8,------
CB,CB,VALID,"SET 1,E",2,8,------
CB,CC,VALID,"SET 1,H",2,8,------
CB,CD,VALID,"SET 1,L",2,8,------
CB,CE,VALID,"SET 1,(HL)",2,15,------
CB,CF,VALID,"SET 1,A",2,8,------
CB,D0,VALID,"SET 2,B",2,8,------
CB,D1,VALID,"SET 2,C",2,8,------
CB,D2,VALID,"SET 2,D",2,8,------
CB,D3,VALID,"SET 2,E",2,8,------
CB,D4,VALID,"SET 2,H",2,8,------
CB,D5,VALID,"SET 2,L",2,8,------
CB,D6,VALID,"SET 2,(HL)",2,15,------
CB,D7,VALID,"SET 2,A",2,8,------
CB,D8,VALID,"SET 3,B",2,8,------
CB,D9,VALID,"SET 3,C",2,8,------
CB,DA,VALID,"SET 3,D",2,8,------
CB,DB,VALID,"SET 3,E",2,8,------
CB,DC,VALID,"SET 3,H",2,8,------
CB,DD,VALID,"SET 3,L",2,8,------
CB,DE,VALID,"SET 3,(HL)",2,15,------
CB,DF,VALID,"SET 3,A",2,8,------
CB,E0,VALID,"SET 4,B",2,8,------
CB,E1,VALID,"SET 4,C",2,8,------
CB,E2,VALID,"SET 4,D",2,8,------
CB,E3,VALID,"SET 4,E",2,8,------
CB,E4,VALID,"SET 4,H",2,8,------
CB,E5,VALID,"SET 4,L",2,8,------
CB,E6,VALID,"SET 4,(HL)",2,15,------
CB,E7,VALID,"SET 4,A",2,8,------
CB,E8,VALID,"SET 5,B",2,8,------
CB,E9,VALID,"SET 5,C",2,8,------
CB,EA,VALID,"SET 5,D",2,8,------
CB,EB,VALID,"SET 5,E",2,8,------
CB,EC,VALID,"SET 5,H",2,8,------
CB,ED,VALID,"SET 5,L",2,8,------
CB,EE,VALID,"SET 5,(HL)",2,15,------
CB,EF,VALID,"SET 5,A",2,8,------
CB,F0,VALID,"SET 6,B",2,8,------
CB,F1,VALID,"SET 6,C",2,8,------
CB,F2,VALID,"SET 6,D",2,8,------
CB,F3,VALID,"SET 6,E",2,8,------
CB,F4,VALID,"SET 6,H",2,8,------
CB,F5,VALID,"SET 6,L",2,8,------
CB,F6,VALID,"SET 6,(HL)",2,15,------
CB,F7,VALID,"SET 6,A",2,8,------
CB,F8,VALID,"SET 7,B",2,8,------
CB,F9,VALID,"SET 7,C",2,8,------
CB,FA,VALID,"SET 7,D",2,8,------
CB,FB,VALID,"SET 7,E",2,8,------
CB,FC,VALID,"SET 7,H",2,8,------
CB,FD,VALID,"SET 7,L",2,8,------
CB,FE,VALID,"SET 7,(HL)",2,15,------
CB,FF,VALID,"SET 7,A",2,8,------
ED,00,INVALID,"INVALID",2,8,------
ED,01,INVALID,"INVALID",2,8,------
ED,02,INVALID,"INVALID",2,8,------
ED,03,INVALID,"INVALID",2,8,------
ED,04,INVALID,"INVALID",2,8,------
ED,05,INVALID,"INVALID",2,8,------
ED,06,INVALID,"INVALID",2,8,------
ED,07,INVALID,"INVALID",2,8,------
ED,08,INVALID,"INVALID",2,8,------
ED,09,INVALID,"INVALID",2,8,------
ED,0A,INVALID,"INVALID",2,8,------
ED,0B,INVALID,"INVALID",2,8,------
ED,0C,INVALID,"INVALID",2,8,------
ED,0D,INVALID,"INVALID",2,8,------
ED,0E,INVALID,"INVALID",2,8,------
ED,0F,INVALID,"INVALID",2,8,------
ED,10,INVALID,"INVALID",2,8,------
ED,11,INVALID,"INVALID",2,8,------
ED,12,INVALID,"INVALID",2,8,------
ED,13,INVALID,"INVALID",2,8,------
ED,14,INVALID,"INVALID",2,8,------
ED,15,INVALID,"INVALID",2,8,------
ED,16,INVALID,"INVALID",2,8,------
ED,17,INVALID,"INVALID",2,8,------
ED,18,INVALID,"INVALID",2,8,------
ED,19,INVALID,"INVALID",2,8,------
ED,1A,INVALID,"INVALID",2,8,------
ED,1B,INVALID,"INVALID",2,8,------
ED,1C,INVALID,"INVALID",2,8,------
ED,1D,INVALID,"INVALID",2,8,------
ED,1E,INVALID,"INVALID",2,8,------
ED,1F,INVALID,"INVALID",2,8,------
ED,20,INVALID,"INVALID",2,8,------
ED,21,INVALID,"INVALID",2,8,------
ED,22,INVALID,"INVALID",2,8,------
ED,23,INVALID,"INVALID",2,8,------
ED,24,INVALID,"INVALID",2,8,------
ED,25,INVALID,"INVALID",2,8,------
ED,26,INVALID,"INVALID",2,8,------
ED,27,INVALID,"INVALID",2,8,------
ED,28,INVALID,"INVALID",2,8,------
ED,29,INVALID,"INVALID",2,8,------
ED,2A,INVALID,"INVALID",2,8,------
ED,2B,INVALID,"INVALID",2,8,------
ED,2C,INVALID,"INVALID",2,8,------
ED,2D,INVALID,"INVALID",2,8,------
ED,2E,INVALID,"INVALID",2,8,------
ED,2F,INVALID,"INVALID",2,8,------
ED,30,INVALID,"INVALID",2,8,------
ED,31,INVALID,"INVALID",2,8,------
ED,32,INVALID,"INVALID",2,8,------
ED,33,INVALID,"INVALID",2,8,------
ED,34,INVALID,"INVALID",2,8,------
ED,35,INVALID,"INVALID",2,8,------
ED,36,INVALID,"INVALID",2,8,------
ED,37,INVALID,"INVALID",2,8,------
ED,38,INVALID,"INVALID",2,8,------
ED,39,INVALID,"INVALID",2,8,------
ED,3A,INVALID,"INVALID",2,8,------
ED,3B,INVALID,"INVALID",2,8,------
ED,3C,INVALID,"INVALID",2,8,------
ED,3D,INVALID,"INVALID",2,8,------
ED,3E,INVALID,"INVALID",2,8,------
ED,3F,INVALID,"INVALID",2,8,------
ED,40,VALID,"IN B,(C)",2,12,**0-0-
ED,41,VALID,"OUT (C),B",2,12,------
ED,42,VALID,"SBC HL,BC",2,15,***-1*
ED,43,VALID,"LD (nn),BC",4,20,------
ED,44,VALID,"NEG",2,8,***-1*
ED,45,VALID,"RETN",2,14,------
ED,46,VALID,"IM 0",2,8,------
ED,47,VALID,"LD I,A",2,9,------
ED,48,VALID,"IN C,(C)",2,12,**0-0-
ED,49,VALID,"OUT (C),C",2,12,------
ED,4A,VALID,"ADC HL,BC",2,15,***-0*
ED,4B,VALID,"LD BC,(nn)",4,20,------
ED,4C,UNDOCUMENTED,"NEG",2,8,***-1*
ED,4D,VALID,"RETI",2,14,------
ED,4E,UNDOCUMENTED,"IM 0",2,8,------
ED,4F,VALID,"LD R,A",2,9,------
ED,50,VALID,"IN D,(C)",2,12,**0-0-
ED,51,VALID,"OUT (C),D",2,12,------
ED,52,VALID,"SBC HL,DE",2,15,***-1*
ED,53,VALID,"LD (nn),DE",4,20,------
ED,54,UNDOCUMENTED,"NEG",2,8,***-1*
ED,55,UNDOCUMENTED,"RETN",2,14,------
ED,56,VALID,"IM 1",2,8,------
ED,57,VALID,"LD A,I",2,9,**0*0-
ED,58,VALID,"IN E,(C)",2,12,**0-0-
ED,59,VALID,"OUT (C),E",2,12,------
ED,5A,VALID,"ADC HL,DE",2,15,***-0*
ED,5B,VALID,"LD DE,(nn)",4,20,------
ED,5C,UNDOCUMENTED,"NEG",2,8,***-1*
ED,5D,UNDOCUMENTED,"RETN",2,14,------
ED,5E,VALID,"IM 2",2,8,------
ED,5F,VALID,"LD A,R",2,9,**0*0-
ED,60,VALID,"IN H,(C)",2,12,**0-0-
ED,61,VALID,"OUT (C),H",2,12,------
ED,62,VALID,"SBC HL,HL",2,15,***-1*
ED,63,VALID,"LD (nn),HL",4,20,------
ED,64,UNDOCUMENTED,"NEG",2,8,***-1*
ED,65,UNDOCUMENTED,"RETN",2,14,------
ED,66,UNDOCUMENTED,"IM 0",2,8,------
ED,67,VALID,"RRD",2,18,**0-0-
ED,68,VALID,"IN L,(C)",2,12,**0-0-
ED,69,VALID,"OUT (C),L",2,12,------
ED,6A,VALID,"ADC HL,HL",2,15,***-0*
ED,6B,VALID,"LD HL,(nn)",4,20,------
ED,6C,UNDOCUMENTED,"NEG",2,8,***-1*
ED,6D,UNDOCUMENTED,"RETN",2,14,------
ED,6E,UNDOCUMENTED,"IM 0",2,8,------
ED,6F,VALID,"RLD",2,18,**0-0-
ED,70,UNDOCUMENTED,"IN F,(C)",2,12,**0-0-
ED,71,UNDOCUMENTED,"OUT (C),0",2,12,------
ED,72,VALID,"SBC HL,SP",2,15,***-1*
ED,73,VALID,"LD (nn),SP",4,20,------
ED,74,UNDOCUMENTED,"NEG",2,8,***-1*
ED,75,UNDOCUMENTED,"RETN",2,14,------
ED,76,UNDOCUMENTED,"IM 1",2,8,------
ED,77,INVALID,"INVALID",2,8,------
ED,78,VALID,"IN A,(C)",2,12,**0-0-
ED,79,VALID,"OUT (C),A",2,12,------
ED,7A,VALID,"ADC HL,SP",2,15,***-0*
ED,7B,VALID,"LD SP,(nn)",4,20,------
ED,7C,UNDOCUMENTED,"NEG",2,8,***-1*
ED,7D,UNDOCUMENTED,"RETN",2,14,------
ED,7E,UNDOCUMENTED,"IM 2",2,8,------
ED,7F,INVALID,"INVALID",2,8,------
ED,80,INVALID,"INVALID",2,8,------
ED,81,INVALID,"INVALID",2,8,------
ED,82,INVALID,"INVALID",2,8,------
ED,83,INVALID,"INVALID",2,8,------
ED,84,INVALID,"INVALID",2,8,------
ED,85,INVALID,"INVALID",2,8,------
ED,86,INVALID,"INVALID",2,8,------
ED,87,INVALID,"INVALID",2,8,------
ED,88,INVALID,"INVALID",2,8,------
ED,89,INVALID,"INVALID",2,8,------
ED,8A,INVALID,"INVALID",2,8,------
ED,8B,INVALID,"INVALID",2,8,------
ED,8C,INVALID,"INVALID",2,8,------
ED,8D,INVALID,"INVALID",2,8,------
ED,8E,INVALID,"INVALID",2,8,------
ED,8F,INVALID,"INVALID",2,8,------
ED,90,INVALID,"INVALID",2,8,------
ED,91,INVALID,"INVALID",2,8,------
ED,92,INVALID,"INVALID",2,8,------
ED,93,INVALID,"INVALID",2,8,------
ED,94,INVALID,"INVALID",2,8,------
ED,95,INVALID,"INVALID",2,8,------
ED,96,INVALID,"INVALID",2,8,------
ED,97,INVALID,"INVALID",2,8,------
ED,98,INVALID,"INVALID",2,8,------
ED,99,INVALID,"INVALID",2,8,------
ED,9A,INVALID,"INVALID",2,8,------
ED,9B,INVALID,"INVALID",2,8,------
ED,9C,INVALID,"INVALID",2,8,------
ED,9D,INVALID,"INVALID",2,8,------
ED,9E,INVALID,"INVALID",2,8,------
ED,9F,INVALID,"INVALID",2,8,------
ED,A0,VALID,"LDI",2,16,--0*0-
ED,A1,VALID,"CPI",2,16,**1*1-
ED,A2,VALID,"INI",2,16,**0-1-
ED,A3,VALID,"OUTI",2,16,**0-1-
ED,A4,INVALID,"INVALID",2,8,------
ED,A5,INVALID,"INVALID",2,8,------
ED,A6,INVALID,"INVALID",2,8,------
ED,A7,INVALID,"INVALID",2,8,------
ED,A8,VALID,"LDD",2,16,--0*0-
ED,A9,VALID,"CPD",2,16,**1*1-
ED,AA,VALID,"IND",2,16,**0-1-
ED,AB,VALID,"OUTD",2,16,**0-1-
ED,AC,INVALID,"INVALID",2,8,------
ED,AD,INVALID,"INVALID",2,8,------
ED,AE,INVALID,"INVALID",2,8,------
ED,AF,INVALID,"INVALID",2,8,------
ED,B0,VALID,"LDIR",2,21,--000-
ED,B1,VALID,"CPIR",2,21,**1*1-
ED,B2,VALID,"INIR",2,21,**0-1-
ED,B3,VALID,"OTIR",2,21,**0-1-
ED,B4,INVALID,"INVALID",2,8,------
ED,B5,INVALID,"INVALID",2,8,------
ED,B6,INVALID,"INVALID",2,8,------
ED,B7,INVALID,"INVALID",2,8,------
ED,B8,VALID,"LDDR",2,21,--000-
ED,B9,VALID,"CPDR",2,21,**1*1-
ED,BA,VALID,"INDR",2,21,**0-1-
ED,BB,VALID,"OTDR",2,21,**0-1-
ED,BC,INVALID,"INVALID",2,8,------
ED,BD,INVALID,"INVALID",2,8,------
ED,BE,INVALID,"INVALID",2,8,------
ED,BF,INVALID,"INVALID",2,8,------
ED,C0,INVALID,"INVALID",2,8,------
ED,C1,INVALID,"INVALID",2,8,------
ED,C2,INVALID,"INVALID",2,8,------
ED,C3,INVALID,"INVALID",2,8,------
ED,C4,INVALID,"INVALID",2,8,------
ED,C5,INVALID,"INVALID",2,8,------
ED,C6,INVALID,"INVALID",2,8,------
ED,C7,INVALID,"INVALID",2,8,------
ED,C8,INVALID,"INVALID",2,8,------
ED,C9,INVALID,"INVALID",2,8,------
ED,CA,INVALID,"INVALID",2,8,------
ED,CB,INVALID,"INVALID",2,8,------
ED,CC,INVALID,"INVALID",2,8,------
ED,CD,INVALID,"INVALID",2,8,------
ED,CE,INVALID,"INVALID",2,8,------
ED,CF,INVALID,"INVALID",2,8,------
ED,D0,INVALID,"INVALID",2,8,------
ED,D1,INVALID,"INVALID",2,8,------
ED,D2,INVALID,"INVALID",2,8,------
ED,D3,INVALID,"INVALID",2,8,------
ED,D4,INVALID,"INVALID",2,8,------
ED,D5,INVALID,"INVALID",2,8,------
ED,D6,INVALID,"INVALID",2,8,------
ED,D7,INVALID,"INVALID",2,8,------
ED,D8,INVALID,"INVALID",2,8,------
ED,D9,INVALID,"INVALID",2,8,------
ED,DA,INVALID,"INVALID",2,8,------
ED,DB,INVALID,"INVALID",2,8,------
ED,DC,INVALID,"INVALID",2,8,------
ED,DD,INVALID,"INVALID",2,8,------
ED,DE,INVALID,"INVALID",2,8,------
ED,DF,INVALID,"INVALID",2,8,------
ED,E0,INVALID,"INVALID",2,8,------
ED,E1,INVALID,"INVALID",2,8,------
ED,E2,INVALID,"INVALID",2,8,------
ED,E3,INVALID,"INVALID",2,8,------
ED,E4,INVALID,"INVALID",2,8,------
ED,E5,INVALID,"INVALID",2,8,------
ED,E6,INVALID,"INVALID",2,8,------
ED,E7,INVALID,"INVALID",2,8,------
ED,E8,INVALID,"INVALID",2,8,------
ED,E9,INVALID,"INVALID",2,8,------
ED,EA,INVALID,"INVALID",2,8,------
ED,EB,INVALID,"INVALID",2,8,------
ED,EC,INVALID,"INVALID",2,8,------
ED,ED,INVALID,"INVALID",2,8,------
ED,EE,INVALID,"INVALID",2,8,------
ED,EF,INVALID,"INVALID",2,8,------
ED,F0,INVALID,"INVALID",2,8,------
ED,F1,INVALID,"INVALID",2,8,------
ED,F2,INVALID,"INVALID",2,8,------
ED,F3,INVALID,"INVALID",2,8,------
ED,F4,INVALID,"INVALID",2,8,------
ED,F5,INVALID,"INVALID",2,8,------
ED,F6,INVALID,"INVALID",2,8,------
ED,F7,INVALID,"INVALID",2,8,------
ED,F8,INVALID,"INVALID",2,8,------
ED,F9,INVALID,"INVALID",2,8,------
ED,FA,INVALID,"INVALID",2,8,------
ED,FB,INVALID,"INVALID",2,8,------
ED,FC,INVALID,"INVALID",2,8,------
ED,FD,INVALID,"INVALID",2,8,------
ED,FE,INVALID,"INVALID",2,8,------
ED,FF,INVALID,"INVALID",2,8,------
DD,00,ALIAS,"ALIAS",1,4,------
DD,01,ALIAS,"ALIAS",1,4,------
DD,02,ALIAS,"ALIAS",1,4,------
DD,03,ALIAS,"ALIAS",1,4,------
DD,04,ALIAS,"ALIAS",1,4,------
DD,05,ALIAS,"ALIAS",1,4,------
DD,06,ALIAS,"ALIAS",1,4,------
DD,07,ALIAS,"ALIAS",1,4,------
DD,08,ALIAS,"ALIAS",1,4,------
DD,09,VALID,"ADD IX,BC",2,15,--*-0*
DD,0A,ALIAS,"ALIAS",1,4,------
DD,0B,ALIAS,"ALIAS",1,4,------
DD,0C,ALIAS,"ALIAS",1,4,------
DD,0D,ALIAS,"ALIAS",1,4,------
DD,0E,ALIAS,"ALIAS",1,4,------
DD,0F,ALIAS,"ALIAS",1,4,------
DD,10,ALIAS,"ALIAS",1,4,------
DD,11,ALIAS,"ALIAS",1,4,------
DD,12,ALIAS,"ALIAS",1,4,------
DD,13,ALIAS,"ALIAS",1,4,------
DD,14,ALIAS,"ALIAS",1,4,------
DD,15,ALIAS,"ALIAS",1,4,------
DD,16,ALIAS,"ALIAS",1,4,------
DD,17,ALIAS,"ALIAS",1,4,------
DD,18,ALIAS,"ALIAS",1,4,------
DD,19,VALID,"ADD IX,DE",2,15,--*-0*
DD,1A,ALIAS,"ALIAS",1,4,------
DD,1B,ALIAS,"ALIAS",1,4,------
DD,1C,ALIAS,"ALIAS",1,4,------
DD,1D,ALIAS,"ALIAS",1,4,------
DD,1E,ALIAS,"ALIAS",1,4,------
DD,1F,ALIAS,"ALIAS",1,4,------
DD,20,ALIAS,"ALIAS",1,4,------
DD,21,VALID,"LD IX,nn",4,14,------
DD,22,VALID,"LD (nn),IX",4,20,------
DD,23,VALID,"INC IX",2,10,------
DD,24,UNDOCUMENTED,"INC IXH",2,8,***-0-
DD,25,UNDOCUMENTED,"DEC IXH",2,8,***-1-
DD,26,UNDOCUMENTED,"LD IXH,n",3,11,------
DD,27,ALIAS,"ALIAS",1,4,------
DD,28,ALIAS,"ALIAS",1,4,------
DD,29,VALID,"ADD IX,IX",2,15,--*-0*
DD,2A,VALID,"LD IX,(nn)",4,20,------
DD,2B,VALID,"DEC IX",2,10,------
DD,2C,UNDOCUMENTED,"INC IXL",2,8,***-0-
DD,2D,UNDOCUMENTED,"DEC IXL",2,8,***-1-
DD,2E,UNDOCUMENTED,"LD IXL,n",3,11,------
DD,2F,ALIAS,"ALIAS",1,4,------
DD,30,ALIAS,"ALIAS",1,4,------
DD,31,ALIAS,"ALIAS",1,4,------
DD,32,ALIAS,"ALIAS",1,4,------
DD,33,ALIAS,"ALIAS",1,4,------
DD,34,VALID,"INC (IX+d)",3,23,***-0-
DD,35,VALID,"DEC (IX+d)",3,23,***-1-
DD,36,VALID,"LD (IX+d),n",4,19,------
DD,37,ALIAS,"ALIAS",1,4,------
DD,38,ALIAS,"ALIAS",1,4,------
DD,39,VALID,"ADD IX,SP",2,15,--*-0*
DD,3A,ALIAS,"ALIAS",1,4,------
DD,3B,ALIAS,"ALIAS",1,4,------
DD,3C,ALIAS,"ALIAS",1,4,------
DD,3D,ALIAS,"ALIAS",1,4,------
DD,3E,ALIAS,"ALIAS",1,4,------
DD,3F,ALIAS,"ALIAS",1,4,------
DD,40,ALIAS,"ALIAS",1,4,------
DD,41,ALIAS,"ALIAS",1,4,------
DD,42,ALIAS,"ALIAS",1,4,------
DD,43,ALIAS,"ALIAS",1,4,------
DD,44,UNDOCUMENTED,"LD B,IXH",2,8,------
DD,45,UNDOCUMENTED,"LD B,IXL",2,8,------
DD,46,VALID,"LD B,(IX+d)",3,19,------
DD,47,ALIAS,"ALIAS",1,4,------
DD,48,ALIAS,"ALIAS",1,4,------
DD,49,ALIAS,"ALIAS",1,4,------
DD,4A,ALIAS,"ALIAS",1,4,------
DD,4B,ALIAS,"ALIAS",1,4,------
DD,4C,UNDOCUMENTED,"LD C,IXH",2,8,------
DD,4D,UNDOCUMENTED,"LD C,IXL",2,8,------
DD,4E,VALID,"LD C,(IX+d)",3,19,------
DD,4F,ALIAS,"ALIAS",1,4,------
DD,50,ALIAS,"ALIAS",1,4,------
DD,51,ALIAS,"ALIAS",1,4,------
DD,52,ALIAS,"ALIAS",1,4,------
DD,53,ALIAS,"ALIAS",1,4,------
DD,54,UNDOCUMENTED,"LD D,IXH",2,8,------
DD,55,UNDOCUMENTED,"LD D,IXL",2,8,------
DD,56,VALID,"LD D,(IX+d)",3,19,------
DD,57,ALIAS,"ALIAS",1,4,------
DD,58,ALIAS,"ALIAS",1,4,------
DD,59,ALIAS,"ALIAS",1,4,------
DD,5A,ALIAS,"ALIAS",1,4,------
DD,5B,ALIAS,"ALIAS",1,4,------
DD,5C,UNDOCUMENTED,"LD E,IXH",2,8,------
DD,5D,UNDOCUMENTED,"LD E,IXL",2,8,------
DD,5E,VALID,"LD E,(IX+d)",3,19,------
DD,5F,ALIAS,"ALIAS",1,4,------
DD,60,UNDOCUMENTED,"LD IXH,B",2,8,------
DD,61,UNDOCUMENTED,"LD IXH,C",2,8,------
DD,62,UNDOCUMENTED,"LD IXH,D",2,8,------
DD,63,UNDOCUMENTED,"LD IXH,E",2,8,------
DD,64,UNDOCUMENTED,"LD IXH,IXH",2,8,------
DD,65,UNDOCUMENTED,"LD IXH,IXL",2,8,------
DD,66,VALID,"LD H,(IX+d)",3,19,------
DD,67,UNDOCUMENTED,"LD IXH,A",2,8,------
DD,68,UNDOCUMENTED,"LD IXL,B",2,8,------
DD,69,UNDOCUMENTED,"LD IXL,C",2,8,------
DD,6A,UNDOCUMENTED,"LD IXL,D",2,8,------
DD,6B,UNDOCUMENTED,"LD IXL,E",2,8,------
DD,6C,UNDOCUMENTED,"LD IXL,IXH",2,8,------
DD,6D,UNDOCUMENTED,"LD IXL,IXL",2,8,------
DD,6E,VALID,"LD L,(IX+d)",3,19,------
DD,6F,UNDOCUMENTED,"LD IXL,A",2,8,------
DD,70,VALID,"LD (IX+d),B",3,19,------
DD,71,VALID,"LD (IX+d),C",3,19,------
DD,72,VALID,"LD (IX+d),D",3,19,------
DD,73,VALID,"LD (IX+d),E",3,19,------
DD,74,VALID,"LD (IX+d),H",3,19,------
DD,75,VALID,"LD (IX+d),L",3,19,------
DD,76,ALIAS,"HALT",1,4,------
DD,77,VALID,"LD (IX+d),A",3,19,------
DD,78,ALIAS,"ALIAS",1,4,------
DD,79,ALIAS,"ALIAS",1,4,------
DD,7A,ALIAS,"ALIAS",1,4,------
DD,7B,ALIAS,"ALIAS",1,4,------
DD,7C,UNDOCUMENTED,"LD A,IXH",2,8,------
DD,7D,UNDOCUMENTED,"LD A,IXL",2,8,------
DD,7E,VALID,"LD A,(IX+d)",3,19,------
DD,7F,ALIAS,"ALIAS",1,4,------
DD,80,ALIAS,"ALIAS",1,4,------
DD,81,ALIAS,"ALIAS",1,4,------
DD,82,ALIAS,"ALIAS",1,4,------
DD,83,ALIAS,"ALIAS",1,4,------
DD,84,UNDOCUMENTED,"ADD A,IXH",2,8,***-0*
DD,85,UNDOCUMENTED,"ADD A,IXL",2,8,***-0*
DD,86,VALID,"ADD A,(IX+d)",3,19,***-0*
DD,87,ALIAS,"ALIAS",1,4,------
DD,88,ALIAS,"ALIAS",1,4,------
DD,89,ALIAS,"ALIAS",1,4,------
DD,8A,ALIAS,"ALIAS",1,4,------
DD,8B,ALIAS,"ALIAS",1,4,------
DD,8C,UNDOCUMENTED,"ADC A,IXH",2,8,***-0*
DD,8D,UNDOCUMENTED,"ADC A,IXL",2,8,***-0*
DD,8E,VALID,"ADC A,(IX+d)",3,19,***-0*
DD,8F,ALIAS,"ALIAS",1,4,------
DD,90,ALIAS,"ALIAS",1,4,------
DD,91,ALIAS,"ALIAS",1,4,------
DD,92,ALIAS,"ALIAS",1,4,------
DD,93,ALIAS,"ALIAS",1,4,------
DD,94,UNDOCUMENTED,"SUB IXH",2,8,***-1*
DD,95,UNDOCUMENTED,"SUB IXL",2,8,***-1*
DD,96,VALID,"SUB (IX+d)",3,19,***-1*
DD,97,ALIAS,"ALIAS",1,4,------
DD,98,ALIAS,"ALIAS",1,4,------
DD,99,ALIAS,"ALIAS",1,4,------
DD,9A,ALIAS,"ALIAS",1,4,------
DD,9B,ALIAS,"ALIAS",1,4,------
DD,9C,UNDOCUMENTED,"SBC A,IXH",2,8,***-1*
DD,9D,UNDOCUMENTED,"SBC A,IXL",2,8,***-1*
DD,9E,VALID,"SBC A,(IX+d)",3,19,***-1*
DD,9F,ALIAS,"ALIAS",1,4,------
DD,A0,ALIAS,"ALIAS",1,4,------
DD,A1,ALIAS,"ALIAS",1,4,------
DD,A2,ALIAS,"ALIAS",1,4,------
DD,A3,ALIAS,"ALIAS",1,4,------
DD,A4,UNDOCUMENTED,"AND IXH",2,8,**1-00
DD,A5,UNDOCUMENTED,"AND IXL",2,8,**1-00
DD,A6,VALID,"AND (IX+d)",3,19,**1-00
DD,A7,ALIAS,"ALIAS",1,4,------
DD,A8,ALIAS,"ALIAS",1,4,------
DD,A9,ALIAS,"ALIAS",1,4,------
DD,AA,ALIAS,"ALIAS",1,4,------
DD,AB,ALIAS,"ALIAS",1,4,------
DD,AC,UNDOCUMENTED,"XOR IXH",2,8,**0-00
DD,AD,UNDOCUMENTED,"XOR IXL",2,8,**0-00
DD,AE,VALID,"XOR (IX+d)",3,19,**0-00
DD,AF,ALIAS,"ALIAS",1,4,------
DD,B0,ALIAS,"ALIAS",1,4,------
DD,B1,ALIAS,"ALIAS",1,4,------
DD,B2,ALIAS,"ALIAS",1,4,------
DD,B3,ALIAS,"ALIAS",1,4,------
DD,B4,UNDOCUMENTED,"OR IXH",2,8,**0-00
DD,B5,UNDOCUMENTED,"OR IXL",2,8,**0-00
DD,B6,VALID,"OR (IX+d)",3,19,**0-00
DD,B7,ALIAS,"ALIAS",1,4,------
DD,B8,ALIAS,"ALIAS",1,4,------
DD,B9,ALIAS,"ALIAS",1,4,------
DD,BA,ALIAS,"ALIAS",1,4,------
DD,BB,ALIAS,"ALIAS",1,4,------
DD,BC,UNDOCUMENTED,"CP IXH",2,8,***-1*
DD,BD,UNDOCUMENTED,"CP IXL",2,8,***-1*
DD,BE,VALID,"CP (IX+d)",3,19,***-1*
DD,BF,ALIAS,"ALIAS",1,4,------
DD,C0,ALIAS,"ALIAS",1,4,------
DD,C1,ALIAS,"ALIAS",1,4,------
DD,C2,ALIAS,"ALIAS",1,4,------
DD,C3,ALIAS,"ALIAS",1,4,------
DD,C4,ALIAS,"ALIAS",1,4,------
DD,C5,ALIAS,"ALIAS",1,4,------
DD,C6,ALIAS,"ALIAS",1,4,------
DD,C7,ALIAS,"ALIAS",1,4,------
DD,C8,ALIAS,"ALIAS",1,4,------
DD,C9,ALIAS,"ALIAS",1,4,------
DD,CA,ALIAS,"ALIAS",1,4,------
DD,CB,VALID,"PREFIX DDCB",2,0,------
DD,CC,ALIAS,"ALIAS",1,4,------
DD,CD,ALIAS,"ALIAS",1,4,------
DD,CE,ALIAS,"ALIAS",1,4,------
DD,CF,ALIAS,"ALIAS",1,4,------
DD,D0,ALIAS,"ALIAS",1,4,------
DD,D1,ALIAS,"ALIAS",1,4,------
DD,D2,ALIAS,"ALIAS",1,4,------
DD,D3,ALIAS,"ALIAS",1,4,------
DD,D4,ALIAS,"ALIAS",1,4,------
DD,D5,ALIAS,"ALIAS",1,4,------
DD,D6,ALIAS,"ALIAS",1,4,------
DD,D7,ALIAS,"ALIAS",1,4,------
DD,D8,ALIAS,"ALIAS",1,4,------
DD,D9,ALIAS,"ALIAS",1,4,------
DD,DA,ALIAS,"ALIAS",1,4,------
DD,DB,ALIAS,"ALIAS",1,4,------
DD,DC,ALIAS,"ALIAS",1,4,------
DD,DD,ALIAS,"PREFIX DD",2,4,------
DD,DE,ALIAS,"ALIAS",1,4,------
DD,DF,ALIAS,"ALIAS",1,4,------
DD,E0,ALIAS,"ALIAS",1,4,------
DD,E1,VALID,"POP IX",2,14,------
DD,E2,ALIAS,"ALIAS",1,4,------
DD,E3,VALID,"EX (SP),IX",2,23,------
DD,E4,ALIAS,"ALIAS",1,4,------
DD,E5,VALID,"PUSH IX",2,15,------
DD,E6,ALIAS,"ALIAS",1,4,------
DD,E7,ALIAS,"ALIAS",1,4,------
DD,E8,ALIAS,"ALIAS",1,4,------
DD,E9,VALID,"JP (IX)",2,8,------
DD,EA,ALIAS,"ALIAS",1,4,------
DD,EB,ALIAS,"ALIAS",1,4,------
DD,EC,ALIAS,"ALIAS",1,4,------
DD,ED,ALIAS,"PREFIX ED",2,4,------
DD,EE,ALIAS,"ALIAS",1,4,------
DD,EF,ALIAS,"ALIAS",1,4,------
DD,F0,ALIAS,"ALIAS",1,4,------
DD,F1,ALIAS,"ALIAS",1,4,------
DD,F2,ALIAS,"ALIAS",1,4,------
DD,F3,ALIAS,"ALIAS",1,4,------
DD,F4,ALIAS,"ALIAS",1,4,------
DD,F5,ALIAS,"ALIAS",1,4,------
DD,F6,ALIAS,"ALIAS",1,4,------
DD,F7,ALIAS,"ALIAS",1,4,------
DD,F8,ALIAS,"ALIAS",1,4,------
DD,F9,VALID,"LD SP,IX",2,10,------
DD,FA,ALIAS,"ALIAS",1,4,------
DD,FB,ALIAS,"ALIAS",1,4,------
DD,FC,ALIAS,"ALIAS",1,4,------
DD,FD,ALIAS,"PREFIX FD",2,4,------
DD,FE,ALIAS,"ALIAS",1,4,------
DD,FF,ALIAS,"ALIAS",1,4,------
FD,00,ALIAS,"ALIAS",1,4,------
FD,01,ALIAS,"ALIAS",1,4,------
FD,02,ALIAS,"ALIAS",1,4,------
FD,03,ALIAS,"ALIAS",1,4,------
FD,04,ALIAS,"ALIAS",1,4,------
FD,05,ALIAS,"ALIAS",1,4,------
FD,06,ALIAS,"ALIAS",1,4,------
FD,07,ALIAS,"ALIAS",1,4,------
FD,08,ALIAS,"ALIAS",1,4,------
FD,09,VALID,"ADD IY,BC",2,15,--*-0*
FD,0A,ALIAS,"ALIAS",1,4,------
FD,0B,ALIAS,"ALIAS",1,4,------
FD,0C,ALIAS,"ALIAS",1,4,------
FD,0D,ALIAS,"ALIAS",1,4,------
FD,0E,ALIAS,"ALIAS",1,4,------
FD,0F,ALIAS,"ALIAS",1,4,------
FD,10,ALIAS,"ALIAS",1,4,------
FD,11,ALIAS,"ALIAS",1,4,------
FD,12,ALIAS,"ALIAS",1,4,------
FD,13,ALIAS,"ALIAS",1,4,------
FD,14,ALIAS,"ALIAS",1,4,------
FD,15,ALIAS,"ALIAS",1,4,------
FD,16,ALIAS,"ALIAS",1,4,------
FD,17,ALIAS,"ALIAS",1,4,------
FD,18,ALIAS,"ALIAS",1,4,------
FD,19,VALID,"ADD IY,DE",2,15,--*-0*
FD,1A,ALIAS,"ALIAS",1,4,------
FD,1B,ALIAS,"ALIAS",1,4,------
FD,1C,ALIAS,"ALIAS",1,4,------
FD,1D,ALIAS,"ALIAS",1,4,------
FD,1E,ALIAS,"ALIAS",1,4,------
FD,1F,ALIAS,"ALIAS",1,4,------
FD,20,ALIAS,"ALIAS",1,4,------
FD,21,VALID,"LD IY,nn",4,14,------
FD,22,VALID,"LD (nn),IY",4,20,------
FD,23,VALID,"INC IY",2,10,------
FD,24,UNDOCUMENTED,"INC IYH",2,8,***-0-
FD,25,UNDOCUMENTED,"DEC IYH",2,8,***-1-
FD,26,UNDOCUMENTED,"LD IYH,n",3,11,------
FD,27,ALIAS,"ALIAS",1,4,------
FD,28,ALIAS,"ALIAS",1,4,------
FD,29,VALID,"ADD IY,IY",2,15,--*-0*
FD,2A,VALID,"LD IY,(nn)",4,20,------
FD,2B,VALID,"DEC IY",2,10,------
FD,2C,UNDOCUMENTED,"INC IYL",2,8,***-0-
FD,2D,UNDOCUMENTED,"DEC IYL",2,8,***-1-
FD,2E,UNDOCUMENTED,"LD IYL,n",3,11,------
FD,2F,ALIAS,"ALIAS",1,4,------
FD,30,ALIAS,"ALIAS",1,4,------
FD,31,ALIAS,"ALIAS",1,4,------
FD,32,ALIAS,"ALIAS",1,4,------
FD,33,ALIAS,"ALIAS",1,4,------
FD,34,VALID,"INC (IY+d)",3,23,***-0-
FD,35,VALID,"DEC (IY+d)",3,23,***-1-
FD,36,VALID,"LD (IY+d),n",4,19,------
FD,37,ALIAS,"ALIAS",1,4,------
FD,38,ALIAS,"ALIAS",1,4,------
FD,39,VALID,"ADD IY,SP",2,15,--*-0*
FD,3A,ALIAS,"ALIAS",1,4,------
FD,3B,ALIAS,"ALIAS",1,4,------
FD,3C,ALIAS,"ALIAS",1,4,------
FD,3D,ALIAS,"ALIAS",1,4,------
FD,3E,ALIAS,"ALIAS",1,4,------
FD,3F,ALIAS,"ALIAS",1,4,------
FD,40,ALIAS,"ALIAS",1,4,------
FD,41,ALIAS,"ALIAS",1,4,------
FD,42,ALIAS,"ALIAS",1,4,------
FD,43,ALIAS,"ALIAS",1,4,------
FD,44,UNDOCUMENTED,"LD B,IYH",2,8,------
FD,45,UNDOCUMENTED,"LD B,IYL",2,8,------
FD,46,VALID,"LD B,(IY+d)",3,19,------
FD,47,ALIAS,"ALIAS",1,4,------
FD,48,ALIAS,"ALIAS",1,4,------
FD,49,ALIAS,"ALIAS",1,4,------
FD,4A,ALIAS,"ALIAS",1,4,------
FD,4B,ALIAS,"ALIAS",1,4,------
FD,4C,UNDOCUMENTED,"LD C,IYH",2,8,------
FD,4D,UNDOCUMENTED,"LD C,IYL",2,8,------
FD,4E,VALID,"LD C,(IY+d)",3,19,------
FD,4F,ALIAS,"ALIAS",1,4,------
FD,50,ALIAS,"ALIAS",1,4,------
FD,51,ALIAS,"ALIAS",1,4,------
FD,52,ALIAS,"ALIAS",1,4,------
FD,53,ALIAS,"ALIAS",1,4,------
FD,54,UNDOCUMENTED,"LD D,IYH",2,8,------
FD,55,UNDOCUMENTED,"LD D,IYL",2,8,------
FD,56,VALID,"LD D,(IY+d)",3,19,------
FD,57,ALIAS,"ALIAS",1,4,------
FD,58,ALIAS,"ALIAS",1,4,------
FD,59,ALIAS,"ALIAS",1,4,------
FD,5A,ALIAS,"ALIAS",1,4,------
FD,5B,ALIAS,"ALIAS",1,4,------
FD,5C,UNDOCUMENTED,"LD E,IYH",2,8,------
FD,5D,UNDOCUMENTED,"LD E,IYL",2,8,------
FD,5E,VALID,"LD E,(IY+d)",3,19,------
FD,5F,ALIAS,"ALIAS",1,4,------
FD,60,UNDOCUMENTED,"LD IYH,B",2,8,------
FD,61,UNDOCUMENTED,"LD IYH,C",2,8,------
FD,62,UNDOCUMENTED,"LD IYH,D",2,8,------
FD,63,UNDOCUMENTED,"LD IYH,E",2,8,------
FD,64,UNDOCUMENTED,"LD IYH,IYH",2,8,------
FD,65,UNDOCUMENTED,"LD IYH,IYL",2,8,------
FD,66,VALID,"LD H,(IY+d)",3,19,------
FD,67,UNDOCUMENTED,"LD IYH,A",2,8,------
FD,68,UNDOCUMENTED,"LD IYL,B",2,8,------
FD,69,UNDOCUMENTED,"LD IYL,C",2,8,------
FD,6A,UNDOCUMENTED,"LD IYL,D",2,8,------
FD,6B,UNDOCUMENTED,"LD IYL,E",2,8,------
FD,6C,UNDOCUMENTED,"LD IYL,IYH",2,8,------
FD,6D,UNDOCUMENTED,"LD IYL,IYL",2,8,------
FD,6E,VALID,"LD L,(IY+d)",3,19,------
FD,6F,UNDOCUMENTED,"LD IYL,A",2,8,------
FD,70,VALID,"LD (IY+d),B",3,19,------
FD,71,VALID,"LD (IY+d),C",3,19,------
FD,72,VALID,"LD (IY+d),D",3,19,------
FD,73,VALID,"LD (IY+d),E",3,19,------
FD,74,VALID,"LD (IY+d),H",3,19,------
FD,75,VALID,"LD (IY+d),L",3,19,------
FD,76,ALIAS,"HALT",1,4,------
FD,77,VALID,"LD (IY+d),A",3,19,------
FD,78,ALIAS,"ALIAS",1,4,------
FD,79,ALIAS,"ALIAS",1,4,------
FD,7A,ALIAS,"ALIAS",1,4,------
FD,7B,ALIAS,"ALIAS",1,4,------
FD,7C,UNDOCUMENTED,"LD A,IYH",2,8,------
FD,7D,UNDOCUMENTED,"LD A,IYL",2,8,------
FD,7E,VALID,"LD A,(IY+d)",3,19,------
FD,7F,ALIAS,"ALIAS",1,4,------
FD,80,ALIAS,"ALIAS",1,4,------
FD,81,ALIAS,"ALIAS",1,4,------
FD,82,ALIAS,"ALIAS",1,4,------
FD,83,ALIAS,"ALIAS",1,4,------
FD,84,UNDOCUMENTED,"ADD A,IYH",2,8,***-0*
FD,85,UNDOCUMENTED,"ADD A,IYL",2,8,***-0*
FD,86,VALID,"ADD A,(IY+d)",3,19,***-0*
FD,87,ALIAS,"ALIAS",1,4,------
FD,88,ALIAS,"ALIAS",1,4,------
FD,89,ALIAS,"ALIAS",1,4,------
FD,8A,ALIAS,"ALIAS",1,4,------
FD,8B,ALIAS,"ALIAS",1,4,------
FD,8C,UNDOCUMENTED,"ADC A,IYH",2,8,***-0*
FD,8D,UNDOCUMENTED,"ADC A,IYL",2,8,***-0*
FD,8E,VALID,"ADC A,(IY+d)",3,19,***-0*
FD,8F,ALIAS,"ALIAS",1,4,------
FD,90,ALIAS,"ALIAS",1,4,------
FD,91,ALIAS,"ALIAS",1,4,------
FD,92,ALIAS,"ALIAS",1,4,------
FD,93,ALIAS,"ALIAS",1,4,------
FD,94,UNDOCUMENTED,"SUB IYH",2,8,***-1*
FD,95,UNDOCUMENTED,"SUB IYL",2,8,***-1*
FD,96,VALID,"SUB (IY+d)",3,19,***-1*
FD,97,ALIAS,"ALIAS",1,4,------
FD,98,ALIAS,"ALIAS",1,4,------
FD,99,ALIAS,"ALIAS",1,4,------
FD,9A,ALIAS,"ALIAS",1,4,------
FD,9B,ALIAS,"ALIAS",1,4,------
FD,9C,UNDOCUMENTED,"SBC A,IYH",2,8,***-1*
FD,9D,UNDOCUMENTED,"SBC A,IYL",2,8,***-1*
FD,9E,VALID,"SBC A,(IY+d)",3,19,***-1*
FD,9F,ALIAS,"ALIAS",1,4,------
FD,A0,ALIAS,"ALIAS",1,4,------
FD,A1,ALIAS,"ALIAS",1,4,------
FD,A2,ALIAS,"ALIAS",1,4,------
FD,A3,ALIAS,"ALIAS",1,4,------
FD,A4,UNDOCUMENTED,"AND IYH",2,8,**1-00
FD,A5,UNDOCUMENTED,"AND IYL",2,8,**1-00
FD,A6,VALID,"AND (IY+d)",3,19,**1-00
FD,A7,ALIAS,"ALIAS",1,4,------
FD,A8,ALIAS,"ALIAS",1,4,------
FD,A9,ALIAS,"ALIAS",1,4,------
FD,AA,ALIAS,"ALIAS",1,4,------
FD,AB,ALIAS,"ALIAS",1,4,------
FD,AC,UNDOCUMENTED,"XOR IYH",2,8,**0-00
FD,AD,UNDOCUMENTED,"XOR IYL",2,8,**0-00
FD,AE,VALID,"XOR (IY+d)",3,19,**0-00
FD,AF,ALIAS,"ALIAS",1,4,------
FD,B0,ALIAS,"ALIAS",1,4,------
FD,B1,ALIAS,"ALIAS",1,4,------
FD,B2,ALIAS,"ALIAS",1,4,------
FD,B3,ALIAS,"ALIAS",1,4,------
FD,B4,UNDOCUMENTED,"OR IYH",2,8,**0-00
FD,B5,UNDOCUMENTED,"OR IYL",2,8,**0-00
FD,B6,VALID,"OR (IY+d)",3,19,**0-00
FD,B7,ALIAS,"ALIAS",1,4,------
FD,B8,ALIAS,"ALIAS",1,4,------
FD,B9,ALIAS,"ALIAS",1,4,------
FD,BA,ALIAS,"ALIAS",1,4,------
FD,BB,ALIAS,"ALIAS",1,4,------
FD,BC,UNDOCUMENTED,"CP IYH",2,8,***-1*
FD,BD,UNDOCUMENTED,"CP IYL",2,8,***-1*
FD,BE,VALID,"CP (IY+d)",3,19,***-1*
FD,BF,ALIAS,"ALIAS",1,4,------
FD,C0,ALIAS,"ALIAS",1,4,------
FD,C1,ALIAS,"ALIAS",1,4,------
FD,C2,ALIAS,"ALIAS",1,4,------
FD,C3,ALIAS,"ALIAS",1,4,------
FD,C4,ALIAS,"ALIAS",1,4,------
FD,C5,ALIAS,"ALIAS",1,4,------
FD,C6,ALIAS,"ALIAS",1,4,------
FD,C7,ALIAS,"ALIAS",1,4,------
FD,C8,ALIAS,"ALIAS",1,4,------
FD,C9,ALIAS,"ALIAS",1,4,------
FD,CA,ALIAS,"ALIAS",1,4,------
FD,CB,VALID,"PREFIX FDCB",2,0,------
FD,CC,ALIAS,"ALIAS",1,4,------
FD,CD,ALIAS,"ALIAS",1,4,------
FD,CE,ALIAS,"ALIAS",1,4,------
FD,CF,ALIAS,"ALIAS",1,4,------
FD,D0,ALIAS,"ALIAS",1,4,------
FD,D1,ALIAS,"ALIAS",1,4,------
FD,D2,ALIAS,"ALIAS",1,4,------
FD,D3,ALIAS,"ALIAS",1,4,------
FD,D4,ALIAS,"ALIAS",1,4,------
FD,D5,ALIAS,"ALIAS",1,4,------
FD,D6,ALIAS,"ALIAS",1,4,------
FD,D7,ALIAS,"ALIAS",1,4,------
FD,D8,ALIAS,"ALIAS",1,4,------
FD,D9,ALIAS,"ALIAS",1,4,------
FD,DA,ALIAS,"ALIAS",1,4,------
FD,DB,ALIAS,"ALIAS",1,4,------
FD,DC,ALIAS,"ALIAS",1,4,------
FD,DD,ALIAS,"PREFIX DD",2,4,------
FD,DE,ALIAS,"ALIAS",1,4,------
FD,DF,ALIAS,"ALIAS",1,4,------
FD,E0,ALIAS,"ALIAS",1,4,------
FD,E1,VALID,"POP IY",2,14,------
FD,E2,ALIAS,"ALIAS",1,4,------
FD,E3,VALID,"EX (SP),IY",2,23,------
FD,E4,ALIAS,"ALIAS",1,4,------
FD,E5,VALID,"PUSH IY",2,15,------
FD,E6,ALIAS,"ALIAS",1,4,------
FD,E7,ALIAS,"ALIAS",1,4,------
FD,E8,ALIAS,"ALIAS",1,4,------
FD,E9,VALID,"JP (IY)",2,8,------
FD,EA,ALIAS,"ALIAS",1,4,------
FD,EB,ALIAS,"ALIAS",1,4,------
FD,EC,ALIAS,"ALIAS",1,4,------
FD,ED,ALIAS,"PREFIX ED",2,4,------
FD,EE,ALIAS,"ALIAS",1,4,------
FD,EF,ALIAS,"ALIAS",1,4,------
FD,F0,ALIAS,"ALIAS",1,4,------
FD,F1,ALIAS,"ALIAS",1,4,------
FD,F2,ALIAS,"ALIAS",1,4,------
FD,F3,ALIAS,"ALIAS",1,4,------
FD,F4,ALIAS,"ALIAS",1,4,------
FD,F5,ALIAS,"ALIAS",1,4,------
FD,F6,ALIAS,"ALIAS",1,4,------
FD,F7,ALIAS,"ALIAS",1,4,------
FD,F8,ALIAS,"ALIAS",1,4,------
FD,F9,VALID,"LD SP,IY",2,10,------
FD,FA,ALIAS,"ALIAS",1,4,------
FD,FB,ALIAS,"ALIAS",1,4,------
FD,FC,ALIAS,"ALIAS",1,4,------
FD,FD,ALIAS,"PREFIX FD",2,4,------
FD,FE,ALIAS,"ALIAS",1,4,------
FD,FF,ALIAS,"ALIAS",1,4,------
DDCB,00,UNDOCUMENTED,"RLC (IX+d),B",4,23,**0-0*
DDCB,01,UNDOCUMENTED,"RLC (IX+d),C",4,23,**0-0*
DDCB,02,UNDOCUMENTED,"RLC (IX+d),D",4,23,**0-0*
DDCB,03,UNDOCUMENTED,"RLC (IX+d),E",4,23,**0-0*
DDCB,04,UNDOCUMENTED,"RLC (IX+d),H",4,23,**0-0*
DDCB,05,UNDOCUMENTED,"RLC (IX+d),L",4,23,**0-0*
DDCB,06,VALID,"RLC (IX+d)",4,23,**0-0*
DDCB,07,UNDOCUMENTED,"RLC (IX+d),A",4,23,**0-0*
DDCB,08,UNDOCUMENTED,"RRC (IX+d),B",4,23,**0-0*
DDCB,09,UNDOCUMENTED,"RRC (IX+d),C",4,23,**0-0*
DDCB,0A,UNDOCUMENTED,"RRC (IX+d),D",4,23,**0-0*
DDCB,0B,UNDOCUMENTED,"RRC (IX+d),E",4,23,**0-0*
DDCB,0C,UNDOCUMENTED,"RRC (IX+d),H",4,23,**0-0*
DDCB,0D,UNDOCUMENTED,"RRC (IX+d),L",4,23,**0-0*
DDCB,0E,VALID,"RRC (IX+d)",4,23,**0-0*
DDCB,0F,UNDOCUMENTED,"RRC (IX+d),A",4,23,**0-0*
DDCB,10,UNDOCUMENTED,"RL (IX+d),B",4,23,**0-0*
DDCB,11,UNDOCUMENTED,"RL (IX+d),C",4,23,**0-0*
DDCB,12,UNDOCUMENTED,"RL (IX+d),D",4,23,**0-0*
DDCB,13,UNDOCUMENTED,"RL (IX+d),E",4,23,**0-0*
DDCB,14,UNDOCUMENTED,"RL (IX+d),H",4,23,**0-0*
DDCB,15,UNDOCUMENTED,"RL (IX+d),L",4,23,**0-0*
DDCB,16,VALID,"RL (IX+d)",4,23,**0-0*
DDCB,17,UNDOCUMENTED,"RL (IX+d),A",4,23,**0-0*
DDCB,18,UNDOCUMENTED,"RR (IX+d),B",4,23,**0-0*
DDCB,19,UNDOCUMENTED,"RR (IX+d),C",4,23,**0-0*
DDCB,1A,UNDOCUMENTED,"RR (IX+d),D",4,23,**0-0*
DDCB,1B,UNDOCUMENTED,"RR (IX+d),E",4,23,**0-0*
DDCB,1C,UNDOCUMENTED,"RR (IX+d),H",4,23,**0-0*
DDCB,1D,UNDOCUMENTED,"RR (IX+d),L",4,23,**0-0*
DDCB,1E,VALID,"RR (IX+d)",4,23,**0-0*
DDCB,1F,UNDOCUMENTED,"RR (IX+d),A",4,23,**0-0*
DDCB,20,UNDOCUMENTED,"SLA (IX+d),B",4,23,**0-0*
DDCB,21,UNDOCUMENTED,"SLA (IX+d),C",4,23,**0-0*
DDCB,22,UNDOCUMENTED,"SLA (IX+d),D",4,23,**0-0*
DDCB,23,UNDOCUMENTED,"SLA (IX+d),E",4,23,**0-0*
DDCB,24,UNDOCUMENTED,"SLA (IX+d),H",4,23,**0-0*
DDCB,25,UNDOCUMENTED,"SLA (IX+d),L",4,23,**0-0*
DDCB,26,VALID,"SLA (IX+d)",4,23,**0-0*
DDCB,27,UNDOCUMENTED,"SLA (IX+d),A",4,23,**0-0*
DDCB,28,UNDOCUMENTED,"SRA (IX+d),B",4,23,**0-0*
DDCB,29,UNDOCUMENTED,"SRA (IX+d),C",4,23,**0-0*
DDCB,2A,UNDOCUMENTED,"SRA (IX+d),D",4,23,**0-0*
DDCB,2B,UNDOCUMENTED,"SRA (IX+d),E",4,23,**0-0*
DDCB,2C,UNDOCUMENTED,"SRA (IX+d),H",4,23,**0-0*
DDCB,2D,UNDOCUMENTED,"SRA (IX+d),L",4,23,**0-0*
DDCB,2E,VALID,"SRA (IX+d)",4,23,**0-0*
DDCB,2F,UNDOCUMENTED,"SRA (IX+d),A",4,23,**0-0*
DDCB,30,UNDOCUMENTED,"SLL (IX+d),B",4,23,**0-0*
DDCB,31,UNDOCUMENTED,"SLL (IX+d),C",4,23,**0-0*
DDCB,32,UNDOCUMENTED,"SLL (IX+d),D",4,23,**0-0*
DDCB,33,UNDOCUMENTED,"SLL (IX+d),E",4,23,**0-0*
DDCB,34,UNDOCUMENTED,"SLL (IX+d),H",4,23,**0-0*
DDCB,35,UNDOCUMENTED,"SLL (IX+d),L",4,23,**0-0*
DDCB,36,VALID,"SLL (IX+d)",4,23,**0-0*
DDCB,37,UNDOCUMENTED,"SLL (IX+d),A",4,23,**0-0*
DDCB,38,UNDOCUMENTED,"SRL (IX+d),B",4,23,**0-0*
DDCB,39,UNDOCUMENTED,"SRL (IX+d),C",4,23,**0-0*
DDCB,3A,UNDOCUMENTED,"SRL (IX+d),D",4,23,**0-0*
DDCB,3B,UNDOCUMENTED,"SRL (IX+d),E",4,23,**0-0*
DDCB,3C,UNDOCUMENTED,"SRL (IX+d),H",4,23,**0-0*
DDCB,3D,UNDOCUMENTED,"SRL (IX+d),L",4,23,**0-0*
DDCB,3E,VALID,"SRL (IX+d)",4,23,**0-0*
DDCB,3F,UNDOCUMENTED,"SRL (IX+d),A",4,23,**0-0*
DDCB,40,UNDOCUMENTED,"BIT 0,(IX+d)",4,20,**1-0-
DDCB,41,UNDOCUMENTED,"BIT 0,(IX+d)",4,20,**1-0-
DDCB,42,UNDOCUMENTED,"BIT 0,(IX+d)",4,20,**1-0-
DDCB,43,UNDOCUMENTED,"BIT 0,(IX+d)",4,20,**1-0-
DDCB,44,UNDOCUMENTED,"BIT 0,(IX+d)",4,20,**1-0-
DDCB,45,UNDOCUMENTED,"BIT 0,(IX+d)",4,20,**1-0-
DDCB,46,VALID,"BIT 0,(IX+d)",4,20,**1-0-
DDCB,47,UNDOCUMENTED,"BIT 0,(IX+d)",4,20,**1-0-
DDCB,48,UNDOCUMENTED,"BIT 1,(IX+d)",4,20,**1-0-
DDCB,49,UNDOCUMENTED,"BIT 1,(IX+d)",4,20,**1-0-
DDCB,4A,UNDOCUMENTED,"BIT 1,(IX+d)",4,20,**1-0-
DDCB,4B,UNDOCUMENTED,"BIT 1,(IX+d)",4,20,**1-0-
DDCB,4C,UNDOCUMENTED,"BIT 1,(IX+d)",4,20,**1-0-
DDCB,4D,UNDOCUMENTED,"BIT 1,(IX+d)",4,20,**1-0-
DDCB,4E,VALID,"BIT 1,(IX+d)",4,20,**1-0-
DDCB,4F,UNDOCUMENTED,"BIT 1,(IX+d)",4,20,**1-0-
DDCB,50,UNDOCUMENTED,"BIT 2,(IX+d)",4,20,**1-0-
DDCB,51,UNDOCUMENTED,"BIT 2,(IX+d)",4,20,**1-0-
DDCB,52,UNDOCUMENTED,"BIT 2,(IX+d)",4,20,**1-0-
DDCB,53,UNDOCUMENTED,"BIT 2,(IX+d)",4,20,**1-0-
DDCB,54,UNDOCUMENTED,"BIT 2,(IX+d)",4,20,**1-0-
DDCB,55,UNDOCUMENTED,"BIT 2,(IX+d)",4,20,**1-0-
DDCB,56,VALID,"BIT 2,(IX+d)",4,20,**1-0-
DDCB,57,UNDOCUMENTED,"BIT 2,(IX+d)",4,20,**1-0-
DDCB,58,UNDOCUMENTED,"BIT 3,(IX+d)",4,20,**1-0-
DDCB,59,UNDOCUMENTED,"BIT 3,(IX+d)",4,20,**1-0-
DDCB,5A,UNDOCUMENTED,"BIT 3,(IX+d)",4,20,**1-0-
DDCB,5B,UNDOCUMENTED,"BIT 3,(IX+d)",4,20,**1-0-
DDCB,5C,UNDOCUMENTED,"BIT 3,(IX+d)",4,20,**1-0-
DDCB,5D,UNDOCUMENTED,"BIT 3,(IX+d)",4,20,**1-0-
DDCB,5E,VALID,"BIT 3,(IX+d)",4,20,**1-0-
DDCB,5F,UNDOCUMENTED,"BIT 3,(IX+d)",4,20,**1-0-
DDCB,60,UNDOCUMENTED,"BIT 4,(IX+d)",4,20,**1-0-
DDCB,61,UNDOCUMENTED,"BIT 4,(IX+d)",4,20,**1-0-
DDCB,62,UNDOCUMENTED,"BIT 4,(IX+d)",4,20,**1-0-
DDCB,63,UNDOCUMENTED,"BIT 4,(IX+d)",4,20,**1-0-
DDCB,64,UNDOCUMENTED,"BIT 4,(IX+d)",4,20,**1-0-
DDCB,65,UNDOCUMENTED,"BIT 4,(IX+d)",4,20,**1-0-
DDCB,66,VALID,"BIT 4,(IX+d)",4,20,**1-0-
DDCB,67,UNDOCUMENTED,"BIT 4,(IX+d)",4,20,**1-0-
DDCB,68,UNDOCUMENTED,"BIT 5,(IX+d)",4,20,**1-0-
DDCB,69,UNDOCUMENTED,"BIT 5,(IX+d)",4,20,**1-0-
DDCB,6A,UNDOCUMENTED,"BIT 5,(IX+d)",4,20,**1-0-
DDCB,6B,UNDOCUMENTED,"BIT 5,(IX+d)",4,20,**1-0-
DDCB,6C,UNDOCUMENTED,"BIT 5,(IX+d)",4,20,**1-0-
DDCB,6D,UNDOCUMENTED,"BIT 5,(IX+d)",4,20,**1-0-
DDCB,6E,VALID,"BIT 5,(IX+d)",4,20,**1-0-
DDCB,6F,UNDOCUMENTED,"BIT 5,(IX+d)",4,20,**1-0-
DDCB,70,UNDOCUMENTED,"BIT 6,(IX+d)",4,20,**1-0-
DDCB,71,UNDOCUMENTED,"BIT 6,(IX+d)",4,20,**1-0-
DDCB,72,UNDOCUMENTED,"BIT 6,(IX+d)",4,20,**1-0-
DDCB,73,UNDOCUMENTED,"BIT 6,(IX+d)",4,20,**1-0-
DDCB,74,UNDOCUMENTED,"BIT 6,(IX+d)",4,20,**1-0-
DDCB,75,UNDOCUMENTED,"BIT 6,(IX+d)",4,20,**1-0-
DDCB,76,VALID,"BIT 6,(IX+d)",4,20,**1-0-
DDCB,77,UNDOCUMENTED,"BIT 6,(IX+d)",4,20,**1-0-
DDCB,78,UNDOCUMENTED,"BIT 7,(IX+d)",4,20,**1-0-
DDCB,79,UNDOCUMENTED,"BIT 7,(IX+d)",4,20,**1-0-
DDCB,7A,UNDOCUMENTED,"BIT 7,(IX+d)",4,20,**1-0-
DDCB,7B,UNDOCUMENTED,"BIT 7,(IX+d)",4,20,**1-0-
DDCB,7C,UNDOCUMENTED,"BIT 7,(IX+d)",4,20,**1-0-
DDCB,7D,UNDOCUMENTED,"BIT 7,(IX+d)",4,20,**1-0-
DDCB,7E,VALID,"BIT 7,(IX+d)",4,20,**1-0-
DDCB,7F,UNDOCUMENTED,"BIT 7,(IX+d)",4,20,**1-0-
DDCB,80,UNDOCUMENTED,"RES 0,(IX+d),B",4,23,------
DDCB,81,UNDOCUMENTED,"RES 0,(IX+d),C",4,23,------
DDCB,82,UNDOCUMENTED,"RES 0,(IX+d),D",4,23,------
DDCB,83,UNDOCUMENTED,"RES 0,(IX+d),E",4,23,------
DDCB,84,UNDOCUMENTED,"RES 0,(IX+d),H",4,23,------
DDCB,85,UNDOCUMENTED,"RES 0,(IX+d),L",4,23,------
DDCB,86,VALID,"RES 0,(IX+d)",4,23,------
DDCB,87,UNDOCUMENTED,"RES 0,(IX+d),A",4,23,------
DDCB,88,UNDOCUMENTED,"RES 1,(IX+d),B",4,23,------
DDCB,89,UNDOCUMENTED,"RES 1,(IX+d),C",4,23,------
DDCB,8A,UNDOCUMENTED,"RES 1,(IX+d),D",4,23,------
DDCB,8B,UNDOCUMENTED,"RES 1,(IX+d),E",4,23,------
DDCB,8C,UNDOCUMENTED,"RES 1,(IX+d),H",4,23,------
DDCB,8D,UNDOCUMENTED,"RES 1,(IX+d),L",4,23,------
DDCB,8E,VALID,"RES 1,(IX+d)",4,23,------
DDCB,8F,UNDOCUMENTED,"RES 1,(IX+d),A",4,23,------
DDCB,90,UNDOCUMENTED,"RES 2,(IX+d),B",4,23,------
DDCB,91,UNDOCUMENTED,"RES 2,(IX+d),C",4,23,------
DDCB,92,UNDOCUMENTED,"RES 2,(IX+d),D",4,23,------
DDCB,93,UNDOCUMENTED,"RES 2,(IX+d),E",4,23,------
DDCB,94,UNDOCUMENTED,"RES 2,(IX+d),H",4,23,------
DDCB,95,UNDOCUMENTED,"RES 2,(IX+d),L",4,23,------
DDCB,96,VALID,"RES 2,(IX+d)",4,23,------
DDCB,97,UNDOCUMENTED,"RES 2,(IX+d),A",4,23,------
DDCB,98,UNDOCUMENTED,"RES 3,(IX+d),B",4,23,------
DDCB,99,UNDOCUMENTED,"RES 3,(IX+d),C",4,23,------
DDCB,9A,UNDOCUMENTED,"RES 3,(IX+d),D",4,23,------
DDCB,9B,UNDOCUMENTED,"RES 3,(IX+d),E",4,23,------
DDCB,9C,UNDOCUMENTED,"RES 3,(IX+d),H",4,23,------
DDCB,9D,UNDOCUMENTED,"RES 3,(IX+d),L",4,23,------
DDCB,9E,VALID,"RES 3,(IX+d)",4,23,------
DDCB,9F,UNDOCUMENTED,"RES 3,(IX+d),A",4,23,------
DDCB,A0,UNDOCUMENTED,"RES 4,(IX+d),B",4,23,------
DDCB,A1,UNDOCUMENTED,"RES 4,(IX+d),C",4,23,------
DDCB,A2,UNDOCUMENTED,"RES 4,(IX+d),D",4,23,------
DDCB,A3,UNDOCUMENTED,"RES 4,(IX+d),E",4,23,------
DDCB,A4,UNDOCUMENTED,"RES 4,(IX+d),H",4,23,------
DDCB,A5,UNDOCUMENTED,"RES 4,(IX+d),L",4,23,------
DDCB,A6,VALID,"RES 4,(IX+d)",4,23,------
DDCB,A7,UNDOCUMENTED,"RES 4,(IX+d),A",4,23,------
DDCB,A8,UNDOCUMENTED,"RES 5,(IX+d),B",4,23,------
DDCB,A9,UNDOCUMENTED,"RES 5,(IX+d),C",4,23,------
DDCB,AA,UNDOCUMENTED,"RES 5,(IX+d),D",4,23,------
DDCB,AB,UNDOCUMENTED,"RES 5,(IX+d),E",4,23,------
DDCB,AC,UNDOCUMENTED,"RES 5,(IX+d),H",4,23,------
DDCB,AD,UNDOCUMENTED,"RES 5,(IX+d),L",4,23,------
DDCB,AE,VALID,"RES 5,(IX+d)",4,23,------
DDCB,AF,UNDOCUMENTED,"RES 5,(IX+d),A",4,23,------
DDCB,B0,UNDOCUMENTED,"RES 6,(IX+d),B",4,23,------
DDCB,B1,UNDOCUMENTED,"RES 6,(IX+d),C",4,23,------
DDCB,B2,UNDOCUMENTED,"RES 6,(IX+d),D",4,23,------
DDCB,B3,UNDOCUMENTED,"RES 6,(IX+d),E",4,23,------
DDCB,B4,UNDOCUMENTED,"RES 6,(IX+d),H",4,23,------
DDCB,B5,UNDOCUMENTED,"RES 6,(IX+d),L",4,23,------
DDCB,B6,VALID,"RES 6,(IX+d)",4,23,------
DDCB,B7,UNDOCUMENTED,"RES 6,(IX+d),A",4,23,------
DDCB,B8,UNDOCUMENTED,"RES 7,(IX+d),B",4,23,------
DDCB,B9,UNDOCUMENTED,"RES 7,(IX+d),C",4,23,------
DDCB,BA,UNDOCUMENTED,"RES 7,(IX+d),D",4,23,------
DDCB,BB,UNDOCUMENTED,"RES 7,(IX+d),E",4,23,------
DDCB,BC,UNDOCUMENTED,"RES 7,(IX+d),H",4,23,------
DDCB,BD,UNDOCUMENTED,"RES 7,(IX+d),L",4,23,------
DDCB,BE,VALID,"RES 7,(IX+d)",4,23,------
DDCB,BF,UNDOCUMENTED,"RES 7,(IX+d),A",4,23,------
DDCB,C0,UNDOCUMENTED,"SET 0,(IX+d),B",4,23,------
DDCB,C1,UNDOCUMENTED,"SET 0,(IX+d),C",4,23,------
DDCB,C2,UNDOCUMENTED,"SET 0,(IX+d),D",4,23,------
DDCB,C3,UNDOCUMENTED,"SET 0,(IX+d),E",4,23,------
DDCB,C4,UNDOCUMENTED,"SET 0,(IX+d),H",4,23,------
DDCB,C5,UNDOCUMENTED,"SET 0,(IX+d),L",4,23,------
DDCB,C6,VALID,"SET 0,(IX+d)",4,23,------
DDCB,C7,UNDOCUMENTED,"SET 0,(IX+d),A",4,23,------
DDCB,C8,UNDOCUMENTED,"SET 1,(IX+d),B",4,23,------
DDCB,C9,UNDOCUMENTED,"SET 1,(IX+d),C",4,23,------
DDCB,CA,UNDOCUMENTED,"SET 1,(IX+d),D",4,23,------
DDCB,CB,UNDOCUMENTED,"SET 1,(IX+d),E",4,23,------
DDCB,CC,UNDOCUMENTED,"SET 1,(IX+d),H",4,23,------
DDCB,CD,UNDOCUMENTED,"SET 1,(IX+d),L",4,23,------
DDCB,CE,VALID,"SET 1,(IX+d)",4,23,------
DDCB,CF,UNDOCUMENTED,"SET 1,(IX+d),A",4,23,------
DDCB,D0,UNDOCUMENTED,"SET 2,(IX+d),B",4,23,------
DDCB,D1,UNDOCUMENTED,"SET 2,(IX+d),C",4,23,------
DDCB,D2,UNDOCUMENTED,"SET 2,(IX+d),D",4,23,------
DDCB,D3,UNDOCUMENTED,"SET 2,(IX+d),E",4,23,------
DDCB,D4,UNDOCUMENTED,"SET 2,(IX+d),H",4,23,------
DDCB,D5,UNDOCUMENTED,"SET 2,(IX+d),L",4,23,------
DDCB,D6,VALID,"SET 2,(IX+d)",4,23,------
DDCB,D7,UNDOCUMENTED,"SET 2,(IX+d),A",4,23,------
DDCB,D8,UNDOCUMENTED,"SET 3,(IX+d),B",4,23,------
DDCB,D9,UNDOCUMENTED,"SET 3,(IX+d),C",4,23,------
DDCB,DA,UNDOCUMENTED,"SET 3,(IX+d),D",4,23,------
DDCB,DB,UNDOCUMENTED,"SET 3,(IX+d),E",4,23,------
DDCB,DC,UNDOCUMENTED,"SET 3,(IX+d),H",4,23,------
DDCB,DD,UNDOCUMENTED,"SET 3,(IX+d),L",4,23,------
DDCB,DE,VALID,"SET 3,(IX+d)",4,23,------
DDCB,DF,UNDOCUMENTED,"SET 3,(IX+d),A",4,23,------
DDCB,E0,UNDOCUMENTED,"SET 4,(IX+d),B",4,23,------
DDCB,E1,UNDOCUMENTED,"SET 4,(IX+d),C",4,23,------
DDCB,E2,UNDOCUMENTED,"SET 4,(IX+d),D",4,23,------
DDCB,E3,UNDOCUMENTED,"SET 4,(IX+d),E",4,23,------
DDCB,E4,UNDOCUMENTED,"SET 4,(IX+d),H",4,23,------
DDCB,E5,UNDOCUMENTED,"SET 4,(IX+d),L",4,23,------
DDCB,E6,VALID,"SET 4,(IX+d)",4,23,------
DDCB,E7,UNDOCUMENTED,"SET 4,(IX+d),A",4,23,------
DDCB,E8,UNDOCUMENTED,"SET 5,(IX+d),B",4,23,------
DDCB,E9,UNDOCUMENTED,"SET 5,(IX+d),C",4,23,------
DDCB,EA,UNDOCUMENTED,"SET 5,(IX+d),D",4,23,------
DDCB,EB,UNDOCUMENTED,"SET 5,(IX+d),E",4,23,------
DDCB,EC,UNDOCUMENTED,"SET 5,(IX+d),H",4,23,------
DDCB,ED,UNDOCUMENTED,"SET 5,(IX+d),L",4,23,------
DDCB,EE,VALID,"SET 5,(IX+d)",4,23,------
DDCB,EF,UNDOCUMENTED,"SET 5,(IX+d),A",4,23,------
DDCB,F0,UNDOCUMENTED,"SET 6,(IX+d),B",4,23,------
DDCB,F1,UNDOCUMENTED,"SET 6,(IX+d),C",4,23,------
DDCB,F2,UNDOCUMENTED,"SET 6,(IX+d),D",4,23,------
DDCB,F3,UNDOCUMENTED,"SET 6,(IX+d),E",4,23,------
DDCB,F4,UNDOCUMENTED,"SET 6,(IX+d),H",4,23,------
DDCB,F5,UNDOCUMENTED,"SET 6,(IX+d),L",4,23,------
DDCB,F6,VALID,"SET 6,(IX+d)",4,23,------
DDCB,F7,UNDOCUMENTED,"SET 6,(IX+d),A",4,23,------
DDCB,F8,UNDOCUMENTED,"SET 7,(IX+d),B",4,23,------
DDCB,F9,UNDOCUMENTED,"SET 7,(IX+d),C",4,23,------
DDCB,FA,UNDOCUMENTED,"SET 7,(IX+d),D",4,23,------
DDCB,FB,UNDOCUMENTED,"SET 7,(IX+d),E",4,23,------
DDCB,FC,UNDOCUMENTED,"SET 7,(IX+d),H",4,23,------
DDCB,FD,UNDOCUMENTED,"SET 7,(IX+d),L",4,23,------
DDCB,FE,VALID,"SET 7,(IX+d)",4,23,------
DDCB,FF,UNDOCUMENTED,"SET 7,(IX+d),A",4,23,------
FDCB,00,UNDOCUMENTED,"RLC (IY+d),B",4,23,**0-0*
FDCB,01,UNDOCUMENTED,"RLC (IY+d),C",4,23,**0-0*
FDCB,02,UNDOCUMENTED,"RLC (IY+d),D",4,23,**0-0*
FDCB,03,UNDOCUMENTED,"RLC (IY+d),E",4,23,**0-0*
FDCB,04,UNDOCUMENTED,"RLC (IY+d),H",4,23,**0-0*
FDCB,05,UNDOCUMENTED,"RLC (IY+d),L",4,23,**0-0*
FDCB,06,VALID,"RLC (IY+d)",4,23,**0-0*
FDCB,07,UNDOCUMENTED,"RLC (IY+d),A",4,23,**0-0*
FDCB,08,UNDOCUMENTED,"RRC (IY+d),B",4,23,**0-0*
FDCB,09,UNDOCUMENTED,"RRC (IY+d),C",4,23,**0-0*
FDCB,0A,UNDOCUMENTED,"RRC (IY+d),D",4,23,**0-0*
FDCB,0B,UNDOCUMENTED,"RRC (IY+d),E",4,23,**0-0*
FDCB,0C,UNDOCUMENTED,"RRC (IY+d),H",4,23,**0-0*
FDCB,0D,UNDOCUMENTED,"RRC (IY+d),L",4,23,**0-0*
FDCB,0E,VALID,"RRC (IY+d)",4,23,**0-0*
FDCB,0F,UNDOCUMENTED,"RRC (IY+d),A",4,23,**0-0*
FDCB,10,UNDOCUMENTED,"RL (IY+d),B",4,23,**0-0*
FDCB,11,UNDOCUMENTED,"RL (IY+d),C",4,23,**0-0*
FDCB,12,UNDOCUMENTED,"RL (IY+d),D",4,23,**0-0*
FDCB,13,UNDOCUMENTED,"RL (IY+d),E",4,23,**0-0*
FDCB,14,UNDOCUMENTED,"RL (IY+d),H",4,23,**0-0*
FDCB,15,UNDOCUMENTED,"RL (IY+d),L",4,23,**0-0*
FDCB,16,VALID,"RL (IY+d)",4,23,**0-0*
FDCB,17,UNDOCUMENTED,"RL (IY+d),A",4,23,**0-0*
FDCB,18,UNDOCUMENTED,"RR (IY+d),B",4,23,**0-0*
FDCB,19,UNDOCUMENTED,"RR (IY+d),C",4,23,**0-0*
FDCB,1A,UNDOCUMENTED,"RR (IY+d),D",4,23,**0-0*
FDCB,1B,UNDOCUMENTED,"RR (IY+d),E",4,23,**0-0*
FDCB,1C,UNDOCUMENTED,"RR (IY+d),H",4,23,**0-0*
FDCB,1D,UNDOCUMENTED,"RR (IY+d),L",4,23,**0-0*
FDCB,1E,VALID,"RR (IY+d)",4,23,**0-0*
FDCB,1F,UNDOCUMENTED,"RR (IY+d),A",4,23,**0-0*
FDCB,20,UNDOCUMENTED,"SLA (IY+d),B",4,23,**0-0*
FDCB,21,UNDOCUMENTED,"SLA (IY+d),C",4,23,**0-0*
FDCB,22,UNDOCUMENTED,"SLA (IY+d),D",4,23,**0-0*
FDCB,23,UNDOCUMENTED,"SLA (IY+d),E",4,23,**0-0*
FDCB,24,UNDOCUMENTED,"SLA (IY+d),H",4,23,**0-0*
FDCB,25,UNDOCUMENTED,"SLA (IY+d),L",4,23,**0-0*
FDCB,26,VALID,"SLA (IY+d)",4,23,**0-0*
FDCB,27,UNDOCUMENTED,"SLA (IY+d),A",4,23,**0-0*
FDCB,28,UNDOCUMENTED,"SRA (IY+d),B",4,23,**0-0*
FDCB,29,UNDOCUMENTED,"SRA (IY+d),C",4,23,**0-0*
FDCB,2A,UNDOCUMENTED,"SRA (IY+d),D",4,23,**0-0*
FDCB,2B,UNDOCUMENTED,"SRA (IY+d),E",4,23,**0-0*
FDCB,2C,UNDOCUMENTED,"SRA (IY+d),H",4,23,**0-0*
FDCB,2D,UNDOCUMENTED,"SRA (IY+d),L",4,23,**0-0*
FDCB,2E,VALID,"SRA (IY+d)",4,23,**0-0*
FDCB,2F,UNDOCUMENTED,"SRA (IY+d),A",4,23,**0-0*
FDCB,30,UNDOCUMENTED,"SLL (IY+d),B",4,23,**0-0*
FDCB,31,UNDOCUMENTED,"SLL (IY+d),C",4,23,**0-0*
FDCB,32,UNDOCUMENTED,"SLL (IY+d),D",4,23,**0-0*
FDCB,33,UNDOCUMENTED,"SLL (IY+d),E",4,23,**0-0*
FDCB,34,UNDOCUMENTED,"SLL (IY+d),H",4,23,**0-0*
FDCB,35,UNDOCUMENTED,"SLL (IY+d),L",4,23,**0-0*
FDCB,36,VALID,"SLL (IY+d)",4,23,**0-0*
FDCB,37,UNDOCUMENTED,"SLL (IY+d),A",4,23,**0-0*
FDCB,38,UNDOCUMENTED,"SRL (IY+d),B",4,23,**0-0*
FDCB,39,UNDOCUMENTED,"SRL (IY+d),C",4,23,**0-0*
FDCB,3A,UNDOCUMENTED,"SRL (IY+d),D",4,23,**0-0*
FDCB,3B,UNDOCUMENTED,"SRL (IY+d),E",4,23,**0-0*
FDCB,3C,UNDOCUMENTED,"SRL (IY+d),H",4,23,**0-0*
FDCB,3D,UNDOCUMENTED,"SRL (IY+d),L",4,23,**0-0*
FDCB,3E,VALID,"SRL (IY+d)",4,23,**0-0*
FDCB,3F,UNDOCUMENTED,"SRL (IY+d),A",4,23,**0-0*
FDCB,40,UNDOCUMENTED,"BIT 0,(IY+d)",4,20,**1-0-
FDCB,41,UNDOCUMENTED,"BIT 0,(IY+d)",4,20,**1-0-
FDCB,42,UNDOCUMENTED,"BIT 0,(IY+d)",4,20,**1-0-
FDCB,43,UNDOCUMENTED,"BIT 0,(IY+d)",4,20,**1-0-
FDCB,44,UNDOCUMENTED,"BIT 0,(IY+d)",4,20,**1-0-
FDCB,45,UNDOCUMENTED,"BIT 0,(IY+d)",4,20,**1-0-
FDCB,46,VALID,"BIT 0,(IY+d)",4,20,**1-0-
FDCB,47,UNDOCUMENTED,"BIT 0,(IY+d)",4,20,**1-0-
FDCB,48,UNDOCUMENTED,"BIT 1,(IY+d)",4,20,**1-0-
FDCB,49,UNDOCUMENTED,"BIT 1,(IY+d)",4,20,**1-0-
FDCB,4A,UNDOCUMENTED,"BIT 1,(IY+d)",4,20,**1-0-
FDCB,4B,UNDOCUMENTED,"BIT 1,(IY+d)",4,20,**1-0-
FDCB,4C,UNDOCUMENTED,"BIT 1,(IY+d)",4,20,**1-0-
FDCB,4D,UNDOCUMENTED,"BIT 1,(IY+d)",4,20,**1-0-
FDCB,4E,VALID,"BIT 1,(IY+d)",4,20,**1-0-
FDCB,4F,UNDOCUMENTED,"BIT 1,(IY+d)",4,20,**1-0-
FDCB,50,UNDOCUMENTED,"BIT 2,(IY+d)",4,20,**1-0-
FDCB,51,UNDOCUMENTED,"BIT 2,(IY+d)",4,20,**1-0-
FDCB,52,UNDOCUMENTED,"BIT 2,(IY+d)",4,20,**1-0-
FDCB,53,UNDOCUMENTED,"BIT 2,(IY+d)",4,20,**1-0-
FDCB,54,UNDOCUMENTED,"BIT 2,(IY+d)",4,20,**1-0-
FDCB,55,UNDOCUMENTED,"BIT 2,(IY+d)",4,20,**1-0-
FDCB,56,VALID,"BIT 2,(IY+d)",4,20,**1-0-
FDCB,57,UNDOCUMENTED,"BIT 2,(IY+d)",4,20,**1-0-
FDCB,58,UNDOCUMENTED,"BIT 3,(IY+d)",4,20,**1-0-
FDCB,59,UNDOCUMENTED,"BIT 3,(IY+d)",4,20,**1-0-
FDCB,5A,UNDOCUMENTED,"BIT 3,(IY+d)",4,20,**1-0-
FDCB,5B,UNDOCUMENTED,"BIT 3,(IY+d)",4,20,**1-0-
FDCB,5C,UNDOCUMENTED,"BIT 3,(IY+d)",4,20,**1-0-
FDCB,5D,UNDOCUMENTED,"BIT 3,(IY+d)",4,20,**1-0-
FDCB,5E,VALID,"BIT 3,(IY+d)",4,20,**1-0-
FDCB,5F,UNDOCUMENTED,"BIT 3,(IY+d)",4,20,**1-0-
FDCB,60,UNDOCUMENTED,"BIT 4,(IY+d)",4,20,**1-0-
FDCB,61,UNDOCUMENTED,"BIT 4,(IY+d)",4,20,**1-0-
FDCB,62,UNDOCUMENTED,"BIT 4,(IY+d)",4,20,**1-0-
FDCB,63,UNDOCUMENTED,"BIT 4,(IY+d)",4,20,**1-0-
FDCB,64,UNDOCUMENTED,"BIT 4,(IY+d)",4,20,**1-0-
FDCB,65,UNDOCUMENTED,"BIT 4,(IY+d)",4,20,**1-0-
FDCB,66,VALID,"BIT 4,(IY+d)",4,20,**1-0-
FDCB,67,UNDOCUMENTED,"BIT 4,(IY+d)",4,20,**1-0-
FDCB,68,UNDOCUMENTED,"BIT 5,(IY+d)",4,20,**1-0-
FDCB,69,UNDOCUMENTED,"BIT 5,(IY+d)",4,20,**1-0-
FDCB,6A,UNDOCUMENTED,"BIT 5,(IY+d)",4,20,**1-0-
FDCB,6B,UNDOCUMENTED,"BIT 5,(IY+d)",4,20,**1-0-
FDCB,6C,UNDOCUMENTED,"BIT 5,(IY+d)",4,20,**1-0-
FDCB,6D,UNDOCUMENTED,"BIT 5,(IY+d)",4,20,**1-0-
FDCB,6E,VALID,"BIT 5,(IY+d)",4,20,**1-0-
FDCB,6F,UNDOCUMENTED,"BIT 5,(IY+d)",4,20,**1-0-
FDCB,70,UNDOCUMENTED,"BIT 6,(IY+d)",4,20,**1-0-
FDCB,71,UNDOCUMENTED,"BIT 6,(IY+d)",4,20,**1-0-
FDCB,72,UNDOCUMENTED,"BIT 6,(IY+d)",4,20,**1-0-
FDCB,73,UNDOCUMENTED,"BIT 6,(IY+d)",4,20,**1-0-
FDCB,74,UNDOCUMENTED,"BIT 6,(IY+d)",4,20,**1-0-
FDCB,75,UNDOCUMENTED,"BIT 6,(IY+d)",4,20,**1-0-
FDCB,76,VALID,"BIT 6,(IY+d)",4,20,**1-0-
FDCB,77,UNDOCUMENTED,"BIT 6,(IY+d)",4,20,**1-0-
FDCB,78,UNDOCUMENTED,"BIT 7,(IY+d)",4,20,**1-0-
FDCB,79,UNDOCUMENTED,"BIT 7,(IY+d)",4,20,**1-0-
FDCB,7A,UNDOCUMENTED,"BIT 7,(IY+d)",4,20,**1-0-
FDCB,7B,UNDOCUMENTED,"BIT 7,(IY+d)",4,20,**1-0-
FDCB,7C,UNDOCUMENTED,"BIT 7,(IY+d)",4,20,**1-0-
FDCB,7D,UNDOCUMENTED,"BIT 7,(IY+d)",4,20,**1-0-
FDCB,7E,VALID,"BIT 7,(IY+d)",4,20,**1-0-
FDCB,7F,UNDOCUMENTED,"BIT 7,(IY+d)",4,20,**1-0-
FDCB,80,UNDOCUMENTED,"RES 0,(IY+d),B",4,23,------
FDCB,81,UNDOCUMENTED,"RES 0,(IY+d),C",4,23,------
FDCB,82,UNDOCUMENTED,"RES 0,(IY+d),D",4,23,------
FDCB,83,UNDOCUMENTED,"RES 0,(IY+d),E",4,23,------
FDCB,84,UNDOCUMENTED,"RES 0,(IY+d),H",4,23,------
FDCB,85,UNDOCUMENTED,"RES 0,(IY+d),L",4,23,------
FDCB,86,VALID,"RES 0,(IY+d)",4,23,------
FDCB,87,UNDOCUMENTED,"RES 0,(IY+d),A",4,23,------
FDCB,88,UNDOCUMENTED,"RES 1,(IY+d),B",4,23,------
FDCB,89,UNDOCUMENTED,"RES 1,(IY+d),C",4,23,------
FDCB,8A,UNDOCUMENTED,"RES 1,(IY+d),D",4,23,------
FDCB,8B,UNDOCUMENTED,"RES 1,(IY+d),E",4,23,------
FDCB,8C,UNDOCUMENTED,"RES 1,(IY+d),H",4,23,------
FDCB,8D,UNDOCUMENTED,"RES 1,(IY+d),L",4,23,------
FDCB,8E,VALID,"RES 1,(IY+d)",4,23,------
FDCB,8F,UNDOCUMENTED,"RES 1,(IY+d),A",4,23,------
FDCB,90,UNDOCUMENTED,"RES 2,(IY+d),B",4,23,------
FDCB,91,UNDOCUMENTED,"RES 2,(IY+d),C",4,23,------
FDCB,92,UNDOCUMENTED,"RES 2,(IY+d),D",4,23,------
FDCB,93,UNDOCUMENTED,"RES 2,(IY+d),E",4,23,------
FDCB,94,UNDOCUMENTED,"RES 2,(IY+d),H",4,23,------
FDCB,95,UNDOCUMENTED,"RES 2,(IY+d),L",4,23,------
FDCB,96,VALID,"RES 2,(IY+d)",4,23,------
FDCB,97,UNDOCUMENTED,"RES 2,(IY+d),A",4,23,------
FDCB,98,UNDOCUMENTED,"RES 3,(IY+d),B",4,23,------
FDCB,99,UNDOCUMENTED,"RES 3,(IY+d),C",4,23,------
FDCB,9A,UNDOCUMENTED,"RES 3,(IY+d),D",4,23,------
FDCB,9B,UNDOCUMENTED,"RES 3,(IY+d),E",4,23,------
FDCB,9C,UNDOCUMENTED,"RES 3,(IY+d),H",4,23,------
FDCB,9D,UNDOCUMENTED,"RES 3,(IY+d),L",4,23,------
FDCB,9E,VALID,"RES 3,(IY+d)",4,23,------
FDCB,9F,UNDOCUMENTED,"RES 3,(IY+d),A",4,23,------
FDCB,A0,UNDOCUMENTED,"RES 4,(IY+d),B",4,23,------
FDCB,A1,UNDOCUMENTED,"RES 4,(IY+d),C",4,23,------
FDCB,A2,UNDOCUMENTED,"RES 4,(IY+d),D",4,23,------
FDCB,A3,UNDOCUMENTED,"RES 4,(IY+d),E",4,23,------
FDCB,A4,UNDOCUMENTED,"RES 4,(IY+d),H",4,23,------
FDCB,A5,UNDOCUMENTED,"RES 4,(IY+d),L",4,23,------
FDCB,A6,VALID,"RES 4,(IY+d)",4,23,------
FDCB,A7,UNDOCUMENTED,"RES 4,(IY+d),A",4,23,------
FDCB,A8,UNDOCUMENTED,"RES 5,(IY+d),B",4,23,------
FDCB,A9,UNDOCUMENTED,"RES 5,(IY+d),C",4,23,------
FDCB,AA,UNDOCUMENTED,"RES 5,(IY+d),D",4,23,------
FDCB,AB,UNDOCUMENTED,"RES 5,(IY+d),E",4,23,------
FDCB,AC,UNDOCUMENTED,"RES 5,(IY+d),H",4,23,------
FDCB,AD,UNDOCUMENTED,"RES 5,(IY+d),L",4,23,------
FDCB,AE,VALID,"RES 5,(IY+d)",4,23,------
FDCB,AF,UNDOCUMENTED,"RES 5,(IY+d),A",4,23,------
FDCB,B0,UNDOCUMENTED,"RES 6,(IY+d),B",4,23,------
FDCB,B1,UNDOCUMENTED,"RES 6,(IY+d),C",4,23,------
FDCB,B2,UNDOCUMENTED,"RES 6,(IY+d),D",4,23,------
FDCB,B3,UNDOCUMENTED,"RES 6,(IY+d),E",4,23,------
FDCB,B4,UNDOCUMENTED,"RES 6,(IY+d),H",4,23,------
FDCB,B5,UNDOCUMENTED,"RES 6,(IY+d),L",4,23,------
FDCB,B6,VALID,"RES 6,(IY+d)",4,23,------
FDCB,B7,UNDOCUMENTED,"RES 6,(IY+d),A",4,23,------
FDCB,B8,UNDOCUMENTED,"RES 7,(IY+d),B",4,23,------
FDCB,B9,UNDOCUMENTED,"RES 7,(IY+d),C",4,23,------
FDCB,BA,UNDOCUMENTED,"RES 7,(IY+d),D",4,23,------
FDCB,BB,UNDOCUMENTED,"RES 7,(IY+d),E",4,23,------
FDCB,BC,UNDOCUMENTED,"RES 7,(IY+d),H",4,23,------
FDCB,BD,UNDOCUMENTED,"RES 7,(IY+d),L",4,23,------
FDCB,BE,VALID,"RES 7,(IY+d)",4,23,------
FDCB,BF,UNDOCUMENTED,"RES 7,(IY+d),A",4,23,------
FDCB,C0,UNDOCUMENTED,"SET 0,(IY+d),B",4,23,------
FDCB,C1,UNDOCUMENTED,"SET 0,(IY+d),C",4,23,------
FDCB,C2,UNDOCUMENTED,"SET 0,(IY+d),D",4,23,------
FDCB,C3,UNDOCUMENTED,"SET 0,(IY+d),E",4,23,------
FDCB,C4,UNDOCUMENTED,"SET 0,(IY+d),H",4,23,------
FDCB,C5,UNDOCUMENTED,"SET 0,(IY+d),L",4,23,------
FDCB,C6,VALID,"SET 0,(IY+d)",4,23,------
FDCB,C7,UNDOCUMENTED,"SET 0,(IY+d),A",4,23,------
FDCB,C8,UNDOCUMENTED,"SET 1,(IY+d),B",4,23,------
FDCB,C9,UNDOCUMENTED,"SET 1,(IY+d),C",4,23,------
FDCB,CA,UNDOCUMENTED,"SET 1,(IY+d),D",4,23,------
FDCB,CB,UNDOCUMENTED,"SET 1,(IY+d),E",4,23,------
FDCB,CC,UNDOCUMENTED,"SET 1,(IY+d),H",4,23,------
FDCB,CD,UNDOCUMENTED,"SET 1,(IY+d),L",4,23,------
FDCB,CE,VALID,"SET 1,(IY+d)",4,23,------
FDCB,CF,UNDOCUMENTED,"SET 1,(IY+d),A",4,23,------
FDCB,D0,UNDOCUMENTED,"SET 2,(IY+d),B",4,23,------
FDCB,D1,UNDOCUMENTED,"SET 2,(IY+d),C",4,23,------
FDCB,D2,UNDOCUMENTED,"SET 2,(IY+d),D",4,23,------
FDCB,D3,UNDOCUMENTED,"SET 2,(IY+d),E",4,23,------
FDCB,D4,UNDOCUMENTED,"SET 2,(IY+d),H",4,23,------
FDCB,D5,UNDOCUMENTED,"SET 2,(IY+d),L",4,23,------
FDCB,D6,VALID,"SET 2,(IY+d)",4,23,------
FDCB,D7,UNDOCUMENTED,"SET 2,(IY+d),A",4,23,------
FDCB,D8,UNDOCUMENTED,"SET 3,(IY+d),B",4,23,------
FDCB,D9,UNDOCUMENTED,"SET 3,(IY+d),C",4,23,------
FDCB,DA,UNDOCUMENTED,"SET 3,(IY+d),D",4,23,------
FDCB,DB,UNDOCUMENTED,"SET 3,(IY+d),E",4,23,------
FDCB,DC,UNDOCUMENTED,"SET 3,(IY+d),H",4,23,------
FDCB,DD,UNDOCUMENTED,"SET 3,(IY+d),L",4,23,------
FDCB,DE,VALID,"SET 3,(IY+d)",4,23,------
FDCB,DF,UNDOCUMENTED,"SET 3,(IY+d),A",4,23,------
FDCB,E0,UNDOCUMENTED,"SET 4,(IY+d),B",4,23,------
FDCB,E1,UNDOCUMENTED,"SET 4,(IY+d),C",4,23,------
FDCB,E2,UNDOCUMENTED,"SET 4,(IY+d),D",4,23,------
FDCB,E3,UNDOCUMENTED,"SET 4,(IY+d),E",4,23,------
FDCB,E4,UNDOCUMENTED,"SET 4,(IY+d),H",4,23,------
FDCB,E5,UNDOCUMENTED,"SET 4,(IY+d),L",4,23,------
FDCB,E6,VALID,"SET 4,(IY+d)",4,23,------
FDCB,E7,UNDOCUMENTED,"SET 4,(IY+d),A",4,23,------
FDCB,E8,UNDOCUMENTED,"SET 5,(IY+d),B",4,23,------
FDCB,E9,UNDOCUMENTED,"SET 5,(IY+d),C",4,23,------
FDCB,EA,UNDOCUMENTED,"SET 5,(IY+d),D",4,23,------
FDCB,EB,UNDOCUMENTED,"SET 5,(IY+d),E",4,23,------
FDCB,EC,UNDOCUMENTED,"SET 5,(IY+d),H",4,23,------
FDCB,ED,UNDOCUMENTED,"SET 5,(IY+d),L",4,23,------
FDCB,EE,VALID,"SET 5,(IY+d)",4,23,------
FDCB,EF,UNDOCUMENTED,"SET 5,(IY+d),A",4,23,------
FDCB,F0,UNDOCUMENTED,"SET 6,(IY+d),B",4,23,------
FDCB,F1,UNDOCUMENTED,"SET 6,(IY+d),C",4,23,------
FDCB,F2,UNDOCUMENTED,"SET 6,(IY+d),D",4,23,------
FDCB,F3,UNDOCUMENTED,"SET 6,(IY+d),E",4,23,------
FDCB,F4,UNDOCUMENTED,"SET 6,(IY+d),H",4,23,------
FDCB,F5,UNDOCUMENTED,"SET 6,(IY+d),L",4,23,------
FDCB,F6,VALID,"SET 6,(IY+d)",4,23,------
FDCB,F7,UNDOCUMENTED,"SET 6,(IY+d),A",4,23,------
FDCB,F8,UNDOCUMENTED,"SET 7,(IY+d),B",4,23,------
FDCB,F9,UNDOCUMENTED,"SET 7,(IY+d),C",4,23,------
FDCB,FA,UNDOCUMENTED,"SET 7,(IY+d),D",4,23,------
FDCB,FB,UNDOCUMENTED,"SET 7,(IY+d),E",4,23,------
FDCB,FC,UNDOCUMENTED,"SET 7,(IY+d),H",4,23,------
FDCB,FD,UNDOCUMENTED,"SET 7,(IY+d),L",4,23,------
FDCB,FE,VALID,"SET 7,(IY+d)",4,23,------
FDCB,FF,UNDOCUMENTED,"SET 7,(IY+d),A",4,23,------
